date,day_of_the_week,time,time_of_day,olney_secs,college_park_secs,olney_mins,college_park_mins,olney_hours,college_park_hours
11/13/2019,Wednesday,6:00,Morning,2398,2405,39.96666667,40.08333333,0.6661111111,0.6680555556
11/13/2019,Wednesday,6:20,Morning,2555,2689,42.58333333,44.81666667,0.7097222222,0.7469444444
11/13/2019,Wednesday,6:40,Morning,2850,2774,47.5,46.23333333,0.7916666667,0.7705555556
11/13/2019,Wednesday,7:00,Morning,3217,3217,53.61666667,53.61666667,0.8936111111,0.8936111111
11/13/2019,Wednesday,7:20,Morning,3127,3167,52.11666667,52.78333333,0.8686111111,0.8797222222
11/13/2019,Wednesday,7:40,Morning,3385,3235,56.41666667,53.91666667,0.9402777778,0.8986111111
11/13/2019,Wednesday,8:00,Morning,3594,3283,59.9,54.71666667,0.9983333333,0.9119444444
11/13/2019,Wednesday,8:20,Morning,3483,3250,58.05,54.16666667,0.9675,0.9027777778
11/13/2019,Wednesday,8:40,Morning,3494,3366,58.23333333,56.1,0.9705555556,0.935
11/13/2019,Wednesday,9:00,Morning,3252,3458,54.2,57.63333333,0.9033333333,0.9605555556
11/13/2019,Wednesday,9:20,Morning,3070,3051,51.16666667,50.85,0.8527777778,0.8475
11/13/2019,Wednesday,9:40,Morning,3009,2788,50.15,46.46666667,0.8358333333,0.7744444444
11/13/2019,Wednesday,15:00,Evening,3913,3753,65.21666667,62.55,1.086944444,1.0425
11/13/2019,Wednesday,15:20,Evening,4069,4117,67.81666667,68.61666667,1.130277778,1.143611111
11/13/2019,Wednesday,15:40,Evening,4556,4469,75.93333333,74.48333333,1.265555556,1.241388889
11/13/2019,Wednesday,16:00,Evening,5013,4781,83.55,79.68333333,1.3925,1.328055556
11/13/2019,Wednesday,16:20,Evening,5092,4925,84.86666667,82.08333333,1.414444444,1.368055556
11/13/2019,Wednesday,16:40,Evening,5038,4671,83.96666667,77.85,1.399444444,1.2975
11/13/2019,Wednesday,17:00,Evening,5125,5097,85.41666667,84.95,1.423611111,1.415833333
11/13/2019,Wednesday,17:20,Evening,5006,5054,83.43333333,84.23333333,1.390555556,1.403888889
11/13/2019,Wednesday,17:40,Evening,5011,5139,83.51666667,85.65,1.391944444,1.4275
11/13/2019,Wednesday,18:00,Evening,4596,4657,76.6,77.61666667,1.276666667,1.293611111
11/13/2019,Wednesday,18:20,Evening,4360,4576,72.66666667,76.26666667,1.211111111,1.271111111
11/13/2019,Wednesday,18:40,Evening,3939,4244,65.65,70.73333333,1.094166667,1.178888889
11/13/2019,Wednesday,19:00,Evening,3469,3442,57.81666667,57.36666667,0.9636111111,0.9561111111
11/13/2019,Wednesday,19:20,Evening,3323,2714,55.38333333,45.23333333,0.9230555556,0.7538888889
11/13/2019,Wednesday,19:40,Evening,2962,2394,49.36666667,39.9,0.8227777778,0.665
11/14/2019,Thursday,6:00,Morning,2358,2336,39.3,38.93333333,0.655,0.6488888889
11/14/2019,Thursday,6:20,Morning,2598,2699,43.3,44.98333333,0.7216666667,0.7497222222
11/14/2019,Thursday,6:40,Morning,2871,2733,47.85,45.55,0.7975,0.7591666667
11/14/2019,Thursday,7:00,Morning,3241,3013,54.01666667,50.21666667,0.9002777778,0.8369444444
11/14/2019,Thursday,7:20,Morning,3295,3048,54.91666667,50.8,0.9152777778,0.8466666667
11/14/2019,Thursday,7:40,Morning,3743,3020,62.38333333,50.33333333,1.039722222,0.8388888889
11/14/2019,Thursday,8:00,Morning,3637,3437,60.61666667,57.28333333,1.010277778,0.9547222222
11/14/2019,Thursday,8:20,Morning,3666,3325,61.1,55.41666667,1.018333333,0.9236111111
11/14/2019,Thursday,8:40,Morning,3483,3519,58.05,58.65,0.9675,0.9775
11/14/2019,Thursday,9:00,Morning,3219,3457,53.65,57.61666667,0.8941666667,0.9602777778
11/14/2019,Thursday,9:20,Morning,3061,2984,51.01666667,49.73333333,0.8502777778,0.8288888889
11/14/2019,Thursday,9:40,Morning,2976,2425,49.6,40.41666667,0.8266666667,0.6736111111
11/14/2019,Thursday,15:00,Evening,3818,3917,63.63333333,65.28333333,1.060555556,1.088055556
11/14/2019,Thursday,15:20,Evening,4537,5035,75.61666667,83.91666667,1.260277778,1.398611111
11/14/2019,Thursday,15:40,Evening,4715,4778,78.58333333,79.63333333,1.309722222,1.327222222
11/14/2019,Thursday,16:00,Evening,4964,4947,82.73333333,82.45,1.378888889,1.374166667
11/14/2019,Thursday,16:20,Evening,5101,5110,85.01666667,85.16666667,1.416944444,1.419444444
11/14/2019,Thursday,16:40,Evening,4913,4719,81.88333333,78.65,1.364722222,1.310833333
11/14/2019,Thursday,17:00,Evening,4815,4796,80.25,79.93333333,1.3375,1.332222222
11/14/2019,Thursday,17:20,Evening,4654,4738,77.56666667,78.96666667,1.292777778,1.316111111
11/14/2019,Thursday,17:40,Evening,4852,5046,80.86666667,84.1,1.347777778,1.401666667
11/14/2019,Thursday,18:00,Evening,4569,4648,76.15,77.46666667,1.269166667,1.291111111
11/14/2019,Thursday,18:20,Evening,4317,4275,71.95,71.25,1.199166667,1.1875
11/14/2019,Thursday,18:40,Evening,3834,3755,63.9,62.58333333,1.065,1.043055556
11/14/2019,Thursday,19:00,Evening,3085,2672,51.41666667,44.53333333,0.8569444444,0.7422222222
11/14/2019,Thursday,19:20,Evening,2793,2277,46.55,37.95,0.7758333333,0.6325
11/14/2019,Thursday,19:40,Evening,2638,2159,43.96666667,35.98333333,0.7327777778,0.5997222222
11/18/2019,Monday,6:00,Morning,2533,2346,42.21666667,39.1,0.7036111111,0.6516666667
11/18/2019,Monday,6:20,Morning,2691,2471,44.85,41.18333333,0.7475,0.6863888889
11/18/2019,Monday,6:40,Morning,2781,2664,46.35,44.4,0.7725,0.74
11/18/2019,Monday,7:00,Morning,3054,2792,50.9,46.53333333,0.8483333333,0.7755555556
11/18/2019,Monday,7:20,Morning,3509,3303,58.48333333,55.05,0.9747222222,0.9175
11/18/2019,Monday,7:40,Morning,3810,3168,63.5,52.8,1.058333333,0.88
11/18/2019,Monday,8:00,Morning,3788,3474,63.13333333,57.9,1.052222222,0.965
11/18/2019,Monday,8:20,Morning,3351,3371,55.85,56.18333333,0.9308333333,0.9363888889
11/18/2019,Monday,8:40,Morning,3121,3187,52.01666667,53.11666667,0.8669444444,0.8852777778
11/18/2019,Monday,9:00,Morning,2961,2917,49.35,48.61666667,0.8225,0.8102777778
11/18/2019,Monday,9:20,Morning,2800,2645,46.66666667,44.08333333,0.7777777778,0.7347222222
11/18/2019,Monday,9:40,Morning,2745,2381,45.75,39.68333333,0.7625,0.6613888889
11/18/2019,Monday,15:00,Evening,3091,2933,51.51666667,48.88333333,0.8586111111,0.8147222222
11/18/2019,Monday,15:20,Evening,3149,3132,52.48333333,52.2,0.8747222222,0.87
11/18/2019,Monday,15:40,Evening,3223,3204,53.71666667,53.4,0.8952777778,0.89
11/18/2019,Monday,16:00,Evening,3546,3346,59.1,55.76666667,0.985,0.9294444444
11/18/2019,Monday,16:20,Evening,3711,3345,61.85,55.75,1.030833333,0.9291666667
11/18/2019,Monday,16:40,Evening,3682,3422,61.36666667,57.03333333,1.022777778,0.9505555556
11/18/2019,Monday,17:00,Evening,3518,3591,58.63333333,59.85,0.9772222222,0.9975
11/18/2019,Monday,17:20,Evening,3609,3815,60.15,63.58333333,1.0025,1.059722222
11/18/2019,Monday,17:40,Evening,3854,4532,64.23333333,75.53333333,1.070555556,1.258888889
11/18/2019,Monday,18:00,Evening,3575,3459,59.58333333,57.65,0.9930555556,0.9608333333
11/18/2019,Monday,18:20,Evening,3447,3220,57.45,53.66666667,0.9575,0.8944444444
11/18/2019,Monday,18:40,Evening,3179,2808,52.98333333,46.8,0.8830555556,0.78
11/18/2019,Monday,19:00,Evening,2944,2295,49.06666667,38.25,0.8177777778,0.6375
11/18/2019,Monday,19:20,Evening,2775,2172,46.25,36.2,0.7708333333,0.6033333333
11/18/2019,Monday,19:40,Evening,2687,2087,44.78333333,34.78333333,0.7463888889,0.5797222222
11/19/2019,Tuesday,6:00,Morning,2446,2528,40.76666667,42.13333333,0.6794444444,0.7022222222
11/19/2019,Tuesday,6:20,Morning,2697,2618,44.95,43.63333333,0.7491666667,0.7272222222
11/19/2019,Tuesday,6:40,Morning,2939,2901,48.98333333,48.35,0.8163888889,0.8058333333
11/19/2019,Tuesday,7:00,Morning,3335,3422,55.58333333,57.03333333,0.9263888889,0.9505555556
11/19/2019,Tuesday,7:20,Morning,3640,3492,60.66666667,58.2,1.011111111,0.97
11/19/2019,Tuesday,7:40,Morning,3822,3520,63.7,58.66666667,1.061666667,0.9777777778
11/19/2019,Tuesday,8:00,Morning,3861,3678,64.35,61.3,1.0725,1.021666667
11/19/2019,Tuesday,8:20,Morning,3839,3446,63.98333333,57.43333333,1.066388889,0.9572222222
11/19/2019,Tuesday,8:40,Morning,3629,3555,60.48333333,59.25,1.008055556,0.9875
11/19/2019,Tuesday,9:00,Morning,3601,3332,60.01666667,55.53333333,1.000277778,0.9255555556
11/19/2019,Tuesday,9:20,Morning,3217,2915,53.61666667,48.58333333,0.8936111111,0.8097222222
11/19/2019,Tuesday,9:40,Morning,3086,2725,51.43333333,45.41666667,0.8572222222,0.7569444444
11/19/2019,Tuesday,15:00,Evening,3375,3579,56.25,59.65,0.9375,0.9941666667
11/19/2019,Tuesday,15:20,Evening,3574,3720,59.56666667,62,0.9927777778,1.033333333
11/19/2019,Tuesday,15:40,Evening,3688,3808,61.46666667,63.46666667,1.024444444,1.057777778
11/19/2019,Tuesday,16:00,Evening,4054,4184,67.56666667,69.73333333,1.126111111,1.162222222
11/19/2019,Tuesday,16:20,Evening,4570,4311,76.16666667,71.85,1.269444444,1.1975
11/19/2019,Tuesday,16:40,Evening,4823,4562,80.38333333,76.03333333,1.339722222,1.267222222
11/19/2019,Tuesday,17:00,Evening,4809,4714,80.15,78.56666667,1.335833333,1.309444444
11/19/2019,Tuesday,17:20,Evening,5008,4865,83.46666667,81.08333333,1.391111111,1.351388889
11/19/2019,Tuesday,17:40,Evening,5008,4699,83.46666667,78.31666667,1.391111111,1.305277778
11/19/2019,Tuesday,18:00,Evening,5095,4831,84.91666667,80.51666667,1.415277778,1.341944444
11/19/2019,Tuesday,18:20,Evening,4639,4191,77.31666667,69.85,1.288611111,1.164166667
11/19/2019,Tuesday,18:40,Evening,4000,3835,66.66666667,63.91666667,1.111111111,1.065277778
11/19/2019,Tuesday,19:00,Evening,3837,3507,63.95,58.45,1.065833333,0.9741666667
11/19/2019,Tuesday,19:20,Evening,3539,3351,58.98333333,55.85,0.9830555556,0.9308333333
11/19/2019,Tuesday,19:40,Evening,3133,2759,52.21666667,45.98333333,0.8702777778,0.7663888889
11/20/2019,Wednesday,6:00,Morning,2370,2441,39.5,40.68333333,0.6583333333,0.6780555556
11/20/2019,Wednesday,6:20,Morning,2624,2749,43.73333333,45.81666667,0.7288888889,0.7636111111
11/20/2019,Wednesday,6:40,Morning,2827,2732,47.11666667,45.53333333,0.7852777778,0.7588888889
11/20/2019,Wednesday,7:00,Morning,3147,2919,52.45,48.65,0.8741666667,0.8108333333
11/20/2019,Wednesday,7:20,Morning,3517,3316,58.61666667,55.26666667,0.9769444444,0.9211111111
11/20/2019,Wednesday,7:40,Morning,3650,3333,60.83333333,55.55,1.013888889,0.9258333333
11/20/2019,Wednesday,8:00,Morning,3749,3498,62.48333333,58.3,1.041388889,0.9716666667
11/20/2019,Wednesday,8:20,Morning,3614,3189,60.23333333,53.15,1.003888889,0.8858333333
11/20/2019,Wednesday,8:40,Morning,3402,3262,56.7,54.36666667,0.945,0.9061111111
11/20/2019,Wednesday,9:00,Morning,3287,2996,54.78333333,49.93333333,0.9130555556,0.8322222222
11/20/2019,Wednesday,9:20,Morning,3120,2754,52,45.9,0.8666666667,0.765
11/20/2019,Wednesday,9:40,Morning,3084,2664,51.4,44.4,0.8566666667,0.74
11/20/2019,Wednesday,15:00,Evening,3942,3706,65.7,61.76666667,1.095,1.029444444
11/20/2019,Wednesday,15:20,Evening,4150,4184,69.16666667,69.73333333,1.152777778,1.162222222
11/20/2019,Wednesday,15:40,Evening,4207,4278,70.11666667,71.3,1.168611111,1.188333333
11/20/2019,Wednesday,16:00,Evening,4623,4754,77.05,79.23333333,1.284166667,1.320555556
11/20/2019,Wednesday,16:20,Evening,4980,5073,83,84.55,1.383333333,1.409166667
11/20/2019,Wednesday,16:40,Evening,5406,5273,90.1,87.88333333,1.501666667,1.464722222
11/20/2019,Wednesday,17:00,Evening,5540,5635,92.33333333,93.91666667,1.538888889,1.565277778
11/20/2019,Wednesday,17:20,Evening,5358,5372,89.3,89.53333333,1.488333333,1.492222222
11/20/2019,Wednesday,17:40,Evening,5119,4961,85.31666667,82.68333333,1.421944444,1.378055556
11/20/2019,Wednesday,18:00,Evening,4936,4769,82.26666667,79.48333333,1.371111111,1.324722222
11/20/2019,Wednesday,18:20,Evening,4425,4043,73.75,67.38333333,1.229166667,1.123055556
11/20/2019,Wednesday,18:40,Evening,4411,4113,73.51666667,68.55,1.225277778,1.1425
11/20/2019,Wednesday,19:00,Evening,3816,3362,63.6,56.03333333,1.06,0.9338888889
11/20/2019,Wednesday,19:20,Evening,3562,2971,59.36666667,49.51666667,0.9894444444,0.8252777778
11/20/2019,Wednesday,19:40,Evening,3365,2741,56.08333333,45.68333333,0.9347222222,0.7613888889
11/21/2019,Thursday,6:00,Morning,2391,2480,39.85,41.33333333,0.6641666667,0.6888888889
11/21/2019,Thursday,6:20,Morning,2531,2553,42.18333333,42.55,0.7030555556,0.7091666667
11/21/2019,Thursday,6:40,Morning,2775,2718,46.25,45.3,0.7708333333,0.755
11/21/2019,Thursday,7:00,Morning,3189,2957,53.15,49.28333333,0.8858333333,0.8213888889
11/21/2019,Thursday,7:20,Morning,3495,3185,58.25,53.08333333,0.9708333333,0.8847222222
11/21/2019,Thursday,7:40,Morning,3611,3246,60.18333333,54.1,1.003055556,0.9016666667
11/21/2019,Thursday,8:00,Morning,3879,3351,64.65,55.85,1.0775,0.9308333333
11/21/2019,Thursday,8:20,Morning,3717,3524,61.95,58.73333333,1.0325,0.9788888889
11/21/2019,Thursday,8:40,Morning,3462,3330,57.7,55.5,0.9616666667,0.925
11/21/2019,Thursday,9:00,Morning,3376,3363,56.26666667,56.05,0.9377777778,0.9341666667
11/21/2019,Thursday,9:20,Morning,3589,3306,59.81666667,55.1,0.9969444444,0.9183333333
11/21/2019,Thursday,9:40,Morning,3176,2872,52.93333333,47.86666667,0.8822222222,0.7977777778
11/21/2019,Thursday,15:00,Evening,3844,3661,64.06666667,61.01666667,1.067777778,1.016944444
11/21/2019,Thursday,15:20,Evening,4107,3940,68.45,65.66666667,1.140833333,1.094444444
11/21/2019,Thursday,15:40,Evening,4164,3886,69.4,64.76666667,1.156666667,1.079444444
11/21/2019,Thursday,16:00,Evening,4362,3950,72.7,65.83333333,1.211666667,1.097222222
11/21/2019,Thursday,16:20,Evening,4544,4332,75.73333333,72.2,1.262222222,1.203333333
11/21/2019,Thursday,16:40,Evening,4971,4875,82.85,81.25,1.380833333,1.354166667
11/21/2019,Thursday,17:00,Evening,4955,5257,82.58333333,87.61666667,1.376388889,1.460277778
11/21/2019,Thursday,17:20,Evening,5197,5516,86.61666667,91.93333333,1.443611111,1.532222222
11/21/2019,Thursday,17:40,Evening,5069,5107,84.48333333,85.11666667,1.408055556,1.418611111
11/21/2019,Thursday,18:00,Evening,4596,4883,76.6,81.38333333,1.276666667,1.356388889
11/21/2019,Thursday,18:20,Evening,4423,4471,73.71666667,74.51666667,1.228611111,1.241944444
11/21/2019,Thursday,18:40,Evening,3903,4003,65.05,66.71666667,1.084166667,1.111944444
11/21/2019,Thursday,19:00,Evening,3221,2712,53.68333333,45.2,0.8947222222,0.7533333333
11/21/2019,Thursday,19:20,Evening,2918,2334,48.63333333,38.9,0.8105555556,0.6483333333
11/21/2019,Thursday,19:40,Evening,2755,2191,45.91666667,36.51666667,0.7652777778,0.6086111111
11/25/2019,Monday,6:00,Morning,2410,2555,40.16666667,42.58333333,0.6694444444,0.7097222222
11/25/2019,Monday,6:20,Morning,2554,2725,42.56666667,45.41666667,0.7094444444,0.7569444444
11/25/2019,Monday,6:40,Morning,2613,2901,43.55,48.35,0.7258333333,0.8058333333
11/25/2019,Monday,7:00,Morning,2887,2834,48.11666667,47.23333333,0.8019444444,0.7872222222
11/25/2019,Monday,7:20,Morning,3135,3176,52.25,52.93333333,0.8708333333,0.8822222222
11/25/2019,Monday,7:40,Morning,3649,3138,60.81666667,52.3,1.013611111,0.8716666667
11/25/2019,Monday,8:00,Morning,3596,3285,59.93333333,54.75,0.9988888889,0.9125
11/25/2019,Monday,8:20,Morning,3402,3191,56.7,53.18333333,0.945,0.8863888889
11/25/2019,Monday,8:40,Morning,3101,3543,51.68333333,59.05,0.8613888889,0.9841666667
11/25/2019,Monday,9:00,Morning,2917,3382,48.61666667,56.36666667,0.8102777778,0.9394444444
11/25/2019,Monday,9:20,Morning,2675,3094,44.58333333,51.56666667,0.7430555556,0.8594444444
11/25/2019,Monday,9:40,Morning,2644,2723,44.06666667,45.38333333,0.7344444444,0.7563888889
11/25/2019,Monday,15:00,Evening,3793,3943,63.21666667,65.71666667,1.053611111,1.095277778
11/25/2019,Monday,15:20,Evening,4011,4242,66.85,70.7,1.114166667,1.178333333
11/25/2019,Monday,15:40,Evening,4274,4210,71.23333333,70.16666667,1.187222222,1.169444444
11/25/2019,Monday,16:00,Evening,4399,4418,73.31666667,73.63333333,1.221944444,1.227222222
11/25/2019,Monday,16:20,Evening,4308,4261,71.8,71.01666667,1.196666667,1.183611111
11/25/2019,Monday,16:40,Evening,4155,4270,69.25,71.16666667,1.154166667,1.186111111
11/25/2019,Monday,17:00,Evening,4594,4538,76.56666667,75.63333333,1.276111111,1.260555556
11/25/2019,Monday,17:20,Evening,4748,4780,79.13333333,79.66666667,1.318888889,1.327777778
11/25/2019,Monday,17:40,Evening,4662,4777,77.7,79.61666667,1.295,1.326944444
11/25/2019,Monday,18:00,Evening,4669,4537,77.81666667,75.61666667,1.296944444,1.260277778
11/25/2019,Monday,18:20,Evening,4085,4142,68.08333333,69.03333333,1.134722222,1.150555556
11/25/2019,Monday,18:40,Evening,3903,4160,65.05,69.33333333,1.084166667,1.155555556
11/25/2019,Monday,19:00,Evening,3465,3240,57.75,54,0.9625,0.9
11/25/2019,Monday,19:20,Evening,3487,2963,58.11666667,49.38333333,0.9686111111,0.8230555556
11/25/2019,Monday,19:40,Evening,2773,2652,46.21666667,44.2,0.7702777778,0.7366666667
11/26/2019,Tuesday,6:00,Morning,2422,2481,40.36666667,41.35,0.6727777778,0.6891666667
11/26/2019,Tuesday,6:20,Morning,2605,2616,43.41666667,43.6,0.7236111111,0.7266666667
11/26/2019,Tuesday,6:40,Morning,2700,3454,45,57.56666667,0.75,0.9594444444
11/26/2019,Tuesday,7:00,Morning,3141,3901,52.35,65.01666667,0.8725,1.083611111
11/26/2019,Tuesday,7:20,Morning,3380,4184,56.33333333,69.73333333,0.9388888889,1.162222222
11/26/2019,Tuesday,7:40,Morning,3483,4147,58.05,69.11666667,0.9675,1.151944444
11/26/2019,Tuesday,8:00,Morning,3562,4017,59.36666667,66.95,0.9894444444,1.115833333
11/26/2019,Tuesday,8:20,Morning,3680,3929,61.33333333,65.48333333,1.022222222,1.091388889
11/26/2019,Tuesday,8:40,Morning,3282,3328,54.7,55.46666667,0.9116666667,0.9244444444
11/26/2019,Tuesday,9:00,Morning,3236,3014,53.93333333,50.23333333,0.8988888889,0.8372222222
11/26/2019,Tuesday,9:20,Morning,2946,2508,49.1,41.8,0.8183333333,0.6966666667
11/26/2019,Tuesday,9:40,Morning,2915,2317,48.58333333,38.61666667,0.8097222222,0.6436111111
11/26/2019,Tuesday,15:00,Evening,4285,4601,71.41666667,76.68333333,1.190277778,1.278055556
11/26/2019,Tuesday,15:20,Evening,4730,4964,78.83333333,82.73333333,1.313888889,1.378888889
11/26/2019,Tuesday,15:40,Evening,5193,5328,86.55,88.8,1.4425,1.48
11/26/2019,Tuesday,16:00,Evening,5434,5226,90.56666667,87.1,1.509444444,1.451666667
11/26/2019,Tuesday,16:20,Evening,5394,5589,89.9,93.15,1.498333333,1.5525
11/26/2019,Tuesday,16:40,Evening,5606,5359,93.43333333,89.31666667,1.557222222,1.488611111
11/26/2019,Tuesday,17:00,Evening,5428,5362,90.46666667,89.36666667,1.507777778,1.489444444
11/26/2019,Tuesday,17:20,Evening,5425,5456,90.41666667,90.93333333,1.506944444,1.515555556
11/26/2019,Tuesday,17:40,Evening,5425,5494,90.41666667,91.56666667,1.506944444,1.526111111
11/26/2019,Tuesday,18:00,Evening,5175,5214,86.25,86.9,1.4375,1.448333333
11/26/2019,Tuesday,18:20,Evening,4707,4831,78.45,80.51666667,1.3075,1.341944444
11/26/2019,Tuesday,18:40,Evening,4487,4439,74.78333333,73.98333333,1.246388889,1.233055556
11/26/2019,Tuesday,19:00,Evening,4055,3821,67.58333333,63.68333333,1.126388889,1.061388889
11/26/2019,Tuesday,19:20,Evening,3914,3442,65.23333333,57.36666667,1.087222222,0.9561111111
11/26/2019,Tuesday,19:40,Evening,3481,2965,58.01666667,49.41666667,0.9669444444,0.8236111111
11/27/2019,Wednesday,6:00,Morning,2379,2337,39.65,38.95,0.6608333333,0.6491666667
11/27/2019,Wednesday,6:20,Morning,2564,2686,42.73333333,44.76666667,0.7122222222,0.7461111111
11/27/2019,Wednesday,6:40,Morning,2764,2838,46.06666667,47.3,0.7677777778,0.7883333333
11/27/2019,Wednesday,7:00,Morning,3131,3093,52.18333333,51.55,0.8697222222,0.8591666667
11/27/2019,Wednesday,7:20,Morning,3248,3318,54.13333333,55.3,0.9022222222,0.9216666667
11/27/2019,Wednesday,7:40,Morning,3436,3257,57.26666667,54.28333333,0.9544444444,0.9047222222
11/27/2019,Wednesday,8:00,Morning,3169,2943,52.81666667,49.05,0.8802777778,0.8175
11/27/2019,Wednesday,8:20,Morning,2936,2624,48.93333333,43.73333333,0.8155555556,0.7288888889
11/27/2019,Wednesday,8:40,Morning,2780,2263,46.33333333,37.71666667,0.7722222222,0.6286111111
11/27/2019,Wednesday,9:00,Morning,2641,1960,44.01666667,32.66666667,0.7336111111,0.5444444444
11/27/2019,Wednesday,9:20,Morning,2680,1878,44.66666667,31.3,0.7444444444,0.5216666667
11/27/2019,Wednesday,9:40,Morning,2965,2514,49.41666667,41.9,0.8236111111,0.6983333333
11/27/2019,Wednesday,15:00,Evening,4498,4466,74.96666667,74.43333333,1.249444444,1.240555556
11/27/2019,Wednesday,15:20,Evening,4614,4511,76.9,75.18333333,1.281666667,1.253055556
11/27/2019,Wednesday,15:40,Evening,4615,4308,76.91666667,71.8,1.281944444,1.196666667
11/27/2019,Wednesday,16:00,Evening,4188,3759,69.8,62.65,1.163333333,1.044166667
11/27/2019,Wednesday,16:20,Evening,3522,3402,58.7,56.7,0.9783333333,0.945
11/27/2019,Wednesday,16:40,Evening,3217,3030,53.61666667,50.5,0.8936111111,0.8416666667
11/27/2019,Wednesday,17:00,Evening,3284,2823,54.73333333,47.05,0.9122222222,0.7841666667
11/27/2019,Wednesday,17:20,Evening,3320,2573,55.33333333,42.88333333,0.9222222222,0.7147222222
11/27/2019,Wednesday,17:40,Evening,3033,2463,50.55,41.05,0.8425,0.6841666667
11/27/2019,Wednesday,18:00,Evening,2906,2237,48.43333333,37.28333333,0.8072222222,0.6213888889
11/27/2019,Wednesday,18:20,Evening,2785,2114,46.41666667,35.23333333,0.7736111111,0.5872222222
11/27/2019,Wednesday,18:40,Evening,2753,2073,45.88333333,34.55,0.7647222222,0.5758333333
11/27/2019,Wednesday,19:00,Evening,2630,2012,43.83333333,33.53333333,0.7305555556,0.5588888889
11/27/2019,Wednesday,19:20,Evening,2697,2022,44.95,33.7,0.7491666667,0.5616666667
11/27/2019,Wednesday,19:40,Evening,2628,2017,43.8,33.61666667,0.73,0.5602777778
11/28/2019,Thursday,6:00,Morning,2380,1899,39.66666667,31.65,0.6611111111,0.5275
11/28/2019,Thursday,6:20,Morning,2518,1901,41.96666667,31.68333333,0.6994444444,0.5280555556
11/28/2019,Thursday,6:40,Morning,2496,1845,41.6,30.75,0.6933333333,0.5125
11/28/2019,Thursday,7:00,Morning,2630,1876,43.83333333,31.26666667,0.7305555556,0.5211111111
11/28/2019,Thursday,7:20,Morning,2721,1885,45.35,31.41666667,0.7558333333,0.5236111111
11/28/2019,Thursday,7:40,Morning,2739,1884,45.65,31.4,0.7608333333,0.5233333333
11/28/2019,Thursday,8:00,Morning,2673,1898,44.55,31.63333333,0.7425,0.5272222222
11/28/2019,Thursday,8:20,Morning,2540,1879,42.33333333,31.31666667,0.7055555556,0.5219444444
11/28/2019,Thursday,8:40,Morning,2477,1759,41.28333333,29.31666667,0.6880555556,0.4886111111
11/28/2019,Thursday,9:00,Morning,2433,1732,40.55,28.86666667,0.6758333333,0.4811111111
11/28/2019,Thursday,9:20,Morning,2398,1737,39.96666667,28.95,0.6661111111,0.4825
11/28/2019,Thursday,9:40,Morning,2421,1736,40.35,28.93333333,0.6725,0.4822222222
11/28/2019,Thursday,15:00,Evening,2873,2378,47.88333333,39.63333333,0.7980555556,0.6605555556
11/28/2019,Thursday,15:20,Evening,2831,2376,47.18333333,39.6,0.7863888889,0.66
11/28/2019,Thursday,15:40,Evening,2882,2310,48.03333333,38.5,0.8005555556,0.6416666667
11/28/2019,Thursday,16:00,Evening,2884,2309,48.06666667,38.48333333,0.8011111111,0.6413888889
11/28/2019,Thursday,16:20,Evening,2985,2345,49.75,39.08333333,0.8291666667,0.6513888889
11/28/2019,Thursday,16:40,Evening,2984,2276,49.73333333,37.93333333,0.8288888889,0.6322222222
11/28/2019,Thursday,17:00,Evening,3017,2279,50.28333333,37.98333333,0.8380555556,0.6330555556
11/28/2019,Thursday,17:20,Evening,2969,2354,49.48333333,39.23333333,0.8247222222,0.6538888889
11/28/2019,Thursday,17:40,Evening,2843,2174,47.38333333,36.23333333,0.7897222222,0.6038888889
11/28/2019,Thursday,18:00,Evening,2753,2100,45.88333333,35,0.7647222222,0.5833333333
11/28/2019,Thursday,18:20,Evening,2665,2035,44.41666667,33.91666667,0.7402777778,0.5652777778
11/28/2019,Thursday,18:40,Evening,2651,2051,44.18333333,34.18333333,0.7363888889,0.5697222222
11/28/2019,Thursday,19:00,Evening,2786,2206,46.43333333,36.76666667,0.7738888889,0.6127777778
11/28/2019,Thursday,19:20,Evening,2663,2092,44.38333333,34.86666667,0.7397222222,0.5811111111
11/28/2019,Thursday,19:40,Evening,2633,2232,43.88333333,37.2,0.7313888889,0.62
12/2/2019,Monday,6:00,Morning,2398,2298,39.96666667,38.3,0.6661111111,0.6383333333
12/2/2019,Monday,6:20,Morning,2578,2418,42.96666667,40.3,0.7161111111,0.6716666667
12/2/2019,Monday,6:40,Morning,2605,2580,43.41666667,43,0.7236111111,0.7166666667
12/2/2019,Monday,7:00,Morning,2818,2777,46.96666667,46.28333333,0.7827777778,0.7713888889
12/2/2019,Monday,7:20,Morning,3138,3002,52.3,50.03333333,0.8716666667,0.8338888889
12/2/2019,Monday,7:40,Morning,3309,2888,55.15,48.13333333,0.9191666667,0.8022222222
12/2/2019,Monday,8:00,Morning,3307,2748,55.11666667,45.8,0.9186111111,0.7633333333
12/2/2019,Monday,8:20,Morning,3313,2865,55.21666667,47.75,0.9202777778,0.7958333333
12/2/2019,Monday,8:40,Morning,3081,2751,51.35,45.85,0.8558333333,0.7641666667
12/2/2019,Monday,9:00,Morning,3067,2400,51.11666667,40,0.8519444444,0.6666666667
12/2/2019,Monday,9:20,Morning,2786,2063,46.43333333,34.38333333,0.7738888889,0.5730555556
12/2/2019,Monday,9:40,Morning,2594,1872,43.23333333,31.2,0.7205555556,0.52
12/2/2019,Monday,15:00,Evening,3582,3330,59.7,55.5,0.995,0.925
12/2/2019,Monday,15:20,Evening,3868,3529,64.46666667,58.81666667,1.074444444,0.9802777778
12/2/2019,Monday,15:40,Evening,4152,3545,69.2,59.08333333,1.153333333,0.9847222222
12/2/2019,Monday,16:00,Evening,4190,3831,69.83333333,63.85,1.163888889,1.064166667
12/2/2019,Monday,16:20,Evening,4305,3912,71.75,65.2,1.195833333,1.086666667
12/2/2019,Monday,16:40,Evening,4080,3625,68,60.41666667,1.133333333,1.006944444
12/2/2019,Monday,17:00,Evening,4523,4033,75.38333333,67.21666667,1.256388889,1.120277778
12/2/2019,Monday,17:20,Evening,4551,4141,75.85,69.01666667,1.264166667,1.150277778
12/2/2019,Monday,17:40,Evening,4319,3872,71.98333333,64.53333333,1.199722222,1.075555556
12/2/2019,Monday,18:00,Evening,4062,3574,67.7,59.56666667,1.128333333,0.9927777778
12/2/2019,Monday,18:20,Evening,3454,3104,57.56666667,51.73333333,0.9594444444,0.8622222222
12/2/2019,Monday,18:40,Evening,3072,2615,51.2,43.58333333,0.8533333333,0.7263888889
12/2/2019,Monday,19:00,Evening,2896,2392,48.26666667,39.86666667,0.8044444444,0.6644444444
12/2/2019,Monday,19:20,Evening,2850,2210,47.5,36.83333333,0.7916666667,0.6138888889
12/2/2019,Monday,19:40,Evening,2666,2094,44.43333333,34.9,0.7405555556,0.5816666667
12/3/2019,Tuesday,6:00,Morning,2425,2499,40.41666667,41.65,0.6736111111,0.6941666667
12/3/2019,Tuesday,6:20,Morning,2603,2521,43.38333333,42.01666667,0.7230555556,0.7002777778
12/3/2019,Tuesday,6:40,Morning,2778,2703,46.3,45.05,0.7716666667,0.7508333333
12/3/2019,Tuesday,7:00,Morning,3171,2893,52.85,48.21666667,0.8808333333,0.8036111111
12/3/2019,Tuesday,7:20,Morning,3576,3138,59.6,52.3,0.9933333333,0.8716666667
12/3/2019,Tuesday,7:40,Morning,3893,3120,64.88333333,52,1.081388889,0.8666666667
12/3/2019,Tuesday,8:00,Morning,3900,3455,65,57.58333333,1.083333333,0.9597222222
12/3/2019,Tuesday,8:20,Morning,3800,3554,63.33333333,59.23333333,1.055555556,0.9872222222
12/3/2019,Tuesday,8:40,Morning,3489,3366,58.15,56.1,0.9691666667,0.935
12/3/2019,Tuesday,9:00,Morning,3364,3087,56.06666667,51.45,0.9344444444,0.8575
12/3/2019,Tuesday,9:20,Morning,3031,2680,50.51666667,44.66666667,0.8419444444,0.7444444444
12/3/2019,Tuesday,9:40,Morning,2871,2326,47.85,38.76666667,0.7975,0.6461111111
12/3/2019,Tuesday,15:00,Evening,3869,3978,64.48333333,66.3,1.074722222,1.105
12/3/2019,Tuesday,15:20,Evening,4152,3999,69.2,66.65,1.153333333,1.110833333
12/3/2019,Tuesday,15:40,Evening,4427,4309,73.78333333,71.81666667,1.229722222,1.196944444
12/3/2019,Tuesday,16:00,Evening,4585,4574,76.41666667,76.23333333,1.273611111,1.270555556
12/3/2019,Tuesday,16:20,Evening,4755,4583,79.25,76.38333333,1.320833333,1.273055556
12/3/2019,Tuesday,16:40,Evening,4854,4719,80.9,78.65,1.348333333,1.310833333
12/3/2019,Tuesday,17:00,Evening,4830,4580,80.5,76.33333333,1.341666667,1.272222222
12/3/2019,Tuesday,17:20,Evening,4577,4616,76.28333333,76.93333333,1.271388889,1.282222222
12/3/2019,Tuesday,17:40,Evening,4712,4678,78.53333333,77.96666667,1.308888889,1.299444444
12/3/2019,Tuesday,18:00,Evening,4513,4366,75.21666667,72.76666667,1.253611111,1.212777778
12/3/2019,Tuesday,18:20,Evening,4249,3761,70.81666667,62.68333333,1.180277778,1.044722222
12/3/2019,Tuesday,18:40,Evening,4100,3583,68.33333333,59.71666667,1.138888889,0.9952777778
12/3/2019,Tuesday,19:00,Evening,3442,2891,57.36666667,48.18333333,0.9561111111,0.8030555556
12/3/2019,Tuesday,19:20,Evening,3116,2522,51.93333333,42.03333333,0.8655555556,0.7005555556
12/3/2019,Tuesday,19:40,Evening,2768,2185,46.13333333,36.41666667,0.7688888889,0.6069444444
12/4/2019,Wednesday,6:00,Morning,2473,2540,41.21666667,42.33333333,0.6869444444,0.7055555556
12/4/2019,Wednesday,6:20,Morning,2561,2579,42.68333333,42.98333333,0.7113888889,0.7163888889
12/4/2019,Wednesday,6:40,Morning,2824,2695,47.06666667,44.91666667,0.7844444444,0.7486111111
12/4/2019,Wednesday,7:00,Morning,3205,3032,53.41666667,50.53333333,0.8902777778,0.8422222222
12/4/2019,Wednesday,7:20,Morning,3754,3260,62.56666667,54.33333333,1.042777778,0.9055555556
12/4/2019,Wednesday,7:40,Morning,3925,3469,65.41666667,57.81666667,1.090277778,0.9636111111
12/4/2019,Wednesday,8:00,Morning,4108,3465,68.46666667,57.75,1.141111111,0.9625
12/4/2019,Wednesday,8:20,Morning,3970,3375,66.16666667,56.25,1.102777778,0.9375
12/4/2019,Wednesday,8:40,Morning,3452,3282,57.53333333,54.7,0.9588888889,0.9116666667
12/4/2019,Wednesday,9:00,Morning,3317,2868,55.28333333,47.8,0.9213888889,0.7966666667
12/4/2019,Wednesday,9:20,Morning,3057,2522,50.95,42.03333333,0.8491666667,0.7005555556
12/4/2019,Wednesday,9:40,Morning,2951,2252,49.18333333,37.53333333,0.8197222222,0.6255555556
12/4/2019,Wednesday,15:00,Evening,3647,3552,60.78333333,59.2,1.013055556,0.9866666667
12/4/2019,Wednesday,15:20,Evening,3828,3905,63.8,65.08333333,1.063333333,1.084722222
12/4/2019,Wednesday,15:40,Evening,4069,4065,67.81666667,67.75,1.130277778,1.129166667
12/4/2019,Wednesday,16:00,Evening,4569,4550,76.15,75.83333333,1.269166667,1.263888889
12/4/2019,Wednesday,16:20,Evening,4999,4934,83.31666667,82.23333333,1.388611111,1.370555556
12/4/2019,Wednesday,16:40,Evening,4941,4883,82.35,81.38333333,1.3725,1.356388889
12/4/2019,Wednesday,17:00,Evening,4972,4886,82.86666667,81.43333333,1.381111111,1.357222222
12/4/2019,Wednesday,17:20,Evening,5137,5190,85.61666667,86.5,1.426944444,1.441666667
12/4/2019,Wednesday,17:40,Evening,4908,5253,81.8,87.55,1.363333333,1.459166667
12/4/2019,Wednesday,18:00,Evening,4858,4977,80.96666667,82.95,1.349444444,1.3825
12/4/2019,Wednesday,18:20,Evening,4555,4138,75.91666667,68.96666667,1.265277778,1.149444444
12/4/2019,Wednesday,18:40,Evening,4220,4050,70.33333333,67.5,1.172222222,1.125
12/4/2019,Wednesday,19:00,Evening,3638,3580,60.63333333,59.66666667,1.010555556,0.9944444444
12/4/2019,Wednesday,19:20,Evening,3269,3162,54.48333333,52.7,0.9080555556,0.8783333333
12/4/2019,Wednesday,19:40,Evening,2899,2469,48.31666667,41.15,0.8052777778,0.6858333333
12/5/2019,Thursday,6:00,Morning,2429,2387,40.48333333,39.78333333,0.6747222222,0.6630555556
12/5/2019,Thursday,6:20,Morning,2584,2755,43.06666667,45.91666667,0.7177777778,0.7652777778
12/5/2019,Thursday,6:40,Morning,2860,2670,47.66666667,44.5,0.7944444444,0.7416666667
12/5/2019,Thursday,7:00,Morning,3231,3116,53.85,51.93333333,0.8975,0.8655555556
12/5/2019,Thursday,7:20,Morning,3380,3387,56.33333333,56.45,0.9388888889,0.9408333333
12/5/2019,Thursday,7:40,Morning,3657,3346,60.95,55.76666667,1.015833333,0.9294444444
12/5/2019,Thursday,8:00,Morning,3863,3251,64.38333333,54.18333333,1.073055556,0.9030555556
12/5/2019,Thursday,8:20,Morning,3717,3354,61.95,55.9,1.0325,0.9316666667
12/5/2019,Thursday,8:40,Morning,3467,3327,57.78333333,55.45,0.9630555556,0.9241666667
12/5/2019,Thursday,9:00,Morning,3306,3320,55.1,55.33333333,0.9183333333,0.9222222222
12/5/2019,Thursday,9:20,Morning,3161,2934,52.68333333,48.9,0.8780555556,0.815
12/5/2019,Thursday,9:40,Morning,2996,2498,49.93333333,41.63333333,0.8322222222,0.6938888889
12/5/2019,Thursday,15:00,Evening,4132,4315,68.86666667,71.91666667,1.147777778,1.198611111
12/5/2019,Thursday,15:20,Evening,4556,4841,75.93333333,80.68333333,1.265555556,1.344722222
12/5/2019,Thursday,15:40,Evening,4940,5188,82.33333333,86.46666667,1.372222222,1.441111111
12/5/2019,Thursday,16:00,Evening,5177,5200,86.28333333,86.66666667,1.438055556,1.444444444
12/5/2019,Thursday,16:20,Evening,5131,5217,85.51666667,86.95,1.425277778,1.449166667
12/5/2019,Thursday,16:40,Evening,5264,5301,87.73333333,88.35,1.462222222,1.4725
12/5/2019,Thursday,17:00,Evening,5222,5559,87.03333333,92.65,1.450555556,1.544166667
12/5/2019,Thursday,17:20,Evening,5063,4999,84.38333333,83.31666667,1.406388889,1.388611111
12/5/2019,Thursday,17:40,Evening,4958,4971,82.63333333,82.85,1.377222222,1.380833333
12/5/2019,Thursday,18:00,Evening,4728,4723,78.8,78.71666667,1.313333333,1.311944444
12/5/2019,Thursday,18:20,Evening,4367,4159,72.78333333,69.31666667,1.213055556,1.155277778
12/5/2019,Thursday,18:40,Evening,3905,3612,65.08333333,60.2,1.084722222,1.003333333
12/5/2019,Thursday,19:00,Evening,2891,2375,48.18333333,39.58333333,0.8030555556,0.6597222222
12/5/2019,Thursday,19:20,Evening,2747,2180,45.78333333,36.33333333,0.7630555556,0.6055555556
12/5/2019,Thursday,19:40,Evening,2639,2045,43.98333333,34.08333333,0.7330555556,0.5680555556
12/9/2019,Monday,6:00,Morning,2417,2375,40.28333333,39.58333333,0.6713888889,0.6597222222
12/9/2019,Monday,6:20,Morning,2658,2620,44.3,43.66666667,0.7383333333,0.7277777778
12/9/2019,Monday,6:40,Morning,2762,2584,46.03333333,43.06666667,0.7672222222,0.7177777778
12/9/2019,Monday,7:00,Morning,2926,2584,48.76666667,43.06666667,0.8127777778,0.7177777778
12/9/2019,Monday,7:20,Morning,3165,2962,52.75,49.36666667,0.8791666667,0.8227777778
12/9/2019,Monday,7:40,Morning,3400,2954,56.66666667,49.23333333,0.9444444444,0.8205555556
12/9/2019,Monday,8:00,Morning,3497,3060,58.28333333,51,0.9713888889,0.85
12/9/2019,Monday,8:20,Morning,3314,3016,55.23333333,50.26666667,0.9205555556,0.8377777778
12/9/2019,Monday,8:40,Morning,3073,2764,51.21666667,46.06666667,0.8536111111,0.7677777778
12/9/2019,Monday,9:00,Morning,2983,2458,49.71666667,40.96666667,0.8286111111,0.6827777778
12/9/2019,Monday,9:20,Morning,2870,2414,47.83333333,40.23333333,0.7972222222,0.6705555556
12/9/2019,Monday,9:40,Morning,2773,2297,46.21666667,38.28333333,0.7702777778,0.6380555556
12/9/2019,Monday,15:00,Evening,4295,4105,71.58333333,68.41666667,1.193055556,1.140277778
12/9/2019,Monday,15:20,Evening,4272,4262,71.2,71.03333333,1.186666667,1.183888889
12/9/2019,Monday,15:40,Evening,4536,4484,75.6,74.73333333,1.26,1.245555556
12/9/2019,Monday,16:00,Evening,4595,4575,76.58333333,76.25,1.276388889,1.270833333
12/9/2019,Monday,16:20,Evening,4628,4614,77.13333333,76.9,1.285555556,1.281666667
12/9/2019,Monday,16:40,Evening,5114,4998,85.23333333,83.3,1.420555556,1.388333333
12/9/2019,Monday,17:00,Evening,5168,5106,86.13333333,85.1,1.435555556,1.418333333
12/9/2019,Monday,17:20,Evening,4994,4903,83.23333333,81.71666667,1.387222222,1.361944444
12/9/2019,Monday,17:40,Evening,4771,4510,79.51666667,75.16666667,1.325277778,1.252777778
12/9/2019,Monday,18:00,Evening,4395,4032,73.25,67.2,1.220833333,1.12
12/9/2019,Monday,18:20,Evening,3906,3413,65.1,56.88333333,1.085,0.9480555556
12/9/2019,Monday,18:40,Evening,3673,3147,61.21666667,52.45,1.020277778,0.8741666667
12/9/2019,Monday,19:00,Evening,3304,2776,55.06666667,46.26666667,0.9177777778,0.7711111111
12/9/2019,Monday,19:20,Evening,3180,2521,53,42.01666667,0.8833333333,0.7002777778
12/9/2019,Monday,19:40,Evening,2782,2130,46.36666667,35.5,0.7727777778,0.5916666667
12/10/2019,Tuesday,6:00,Morning,2434,2401,40.56666667,40.01666667,0.6761111111,0.6669444444
12/10/2019,Tuesday,6:20,Morning,2615,2666,43.58333333,44.43333333,0.7263888889,0.7405555556
12/10/2019,Tuesday,6:40,Morning,2926,2694,48.76666667,44.9,0.8127777778,0.7483333333
12/10/2019,Tuesday,7:00,Morning,3136,2767,52.26666667,46.11666667,0.8711111111,0.7686111111
12/10/2019,Tuesday,7:20,Morning,3492,3223,58.2,53.71666667,0.97,0.8952777778
12/10/2019,Tuesday,7:40,Morning,3743,3147,62.38333333,52.45,1.039722222,0.8741666667
12/10/2019,Tuesday,8:00,Morning,3932,3228,65.53333333,53.8,1.092222222,0.8966666667
12/10/2019,Tuesday,8:20,Morning,3857,3380,64.28333333,56.33333333,1.071388889,0.9388888889
12/10/2019,Tuesday,8:40,Morning,3756,3483,62.6,58.05,1.043333333,0.9675
12/10/2019,Tuesday,9:00,Morning,3423,3070,57.05,51.16666667,0.9508333333,0.8527777778
12/10/2019,Tuesday,9:20,Morning,3231,2936,53.85,48.93333333,0.8975,0.8155555556
12/10/2019,Tuesday,9:40,Morning,3165,2729,52.75,45.48333333,0.8791666667,0.7580555556
12/10/2019,Tuesday,15:00,Evening,4038,3861,67.3,64.35,1.121666667,1.0725
12/10/2019,Tuesday,15:20,Evening,4419,4412,73.65,73.53333333,1.2275,1.225555556
12/10/2019,Tuesday,15:40,Evening,4705,4554,78.41666667,75.9,1.306944444,1.265
12/10/2019,Tuesday,16:00,Evening,4871,4921,81.18333333,82.01666667,1.353055556,1.366944444
12/10/2019,Tuesday,16:20,Evening,5286,5033,88.1,83.88333333,1.468333333,1.398055556
12/10/2019,Tuesday,16:40,Evening,5156,4940,85.93333333,82.33333333,1.432222222,1.372222222
12/10/2019,Tuesday,17:00,Evening,5431,5181,90.51666667,86.35,1.508611111,1.439166667
12/10/2019,Tuesday,17:20,Evening,5342,4997,89.03333333,83.28333333,1.483888889,1.388055556
12/10/2019,Tuesday,17:40,Evening,4854,4824,80.9,80.4,1.348333333,1.34
12/10/2019,Tuesday,18:00,Evening,4666,4562,77.76666667,76.03333333,1.296111111,1.267222222
12/10/2019,Tuesday,18:20,Evening,4608,4355,76.8,72.58333333,1.28,1.209722222
12/10/2019,Tuesday,18:40,Evening,4189,3861,69.81666667,64.35,1.163611111,1.0725
12/10/2019,Tuesday,19:00,Evening,2434,2401,40.56666667,40.01666667,0.6761111111,0.6669444444
12/10/2019,Tuesday,19:20,Evening,2615,2666,43.58333333,44.43333333,0.7263888889,0.7405555556
12/10/2019,Tuesday,19:40,Evening,2926,2694,48.76666667,44.9,0.8127777778,0.7483333333
12/11/2019,Wednesday,6:00,Morning,2548,2378,42.46666667,39.63333333,0.7077777778,0.6605555556
12/11/2019,Wednesday,6:20,Morning,2691,2567,44.85,42.78333333,0.7475,0.7130555556
12/11/2019,Wednesday,6:40,Morning,2841,2649,47.35,44.15,0.7891666667,0.7358333333
12/11/2019,Wednesday,7:00,Morning,3219,2946,53.65,49.1,0.8941666667,0.8183333333
12/11/2019,Wednesday,7:20,Morning,3519,3278,58.65,54.63333333,0.9775,0.9105555556
12/11/2019,Wednesday,7:40,Morning,3707,3221,61.78333333,53.68333333,1.029722222,0.8947222222
12/11/2019,Wednesday,8:00,Morning,3775,3488,62.91666667,58.13333333,1.048611111,0.9688888889
12/11/2019,Wednesday,8:20,Morning,3693,3457,61.55,57.61666667,1.025833333,0.9602777778
12/11/2019,Wednesday,8:40,Morning,3358,3156,55.96666667,52.6,0.9327777778,0.8766666667
12/11/2019,Wednesday,9:00,Morning,3099,2923,51.65,48.71666667,0.8608333333,0.8119444444
12/11/2019,Wednesday,9:20,Morning,2847,2656,47.45,44.26666667,0.7908333333,0.7377777778
12/11/2019,Wednesday,9:40,Morning,2725,2347,45.41666667,39.11666667,0.7569444444,0.6519444444
12/11/2019,Wednesday,15:00,Evening,3580,3720,59.66666667,62,0.9944444444,1.033333333
12/11/2019,Wednesday,15:20,Evening,3865,4055,64.41666667,67.58333333,1.073611111,1.126388889
12/11/2019,Wednesday,15:40,Evening,4238,4198,70.63333333,69.96666667,1.177222222,1.166111111
12/11/2019,Wednesday,16:00,Evening,4546,4551,75.76666667,75.85,1.262777778,1.264166667
12/11/2019,Wednesday,16:20,Evening,4426,4533,73.76666667,75.55,1.229444444,1.259166667
12/11/2019,Wednesday,16:40,Evening,4285,4358,71.41666667,72.63333333,1.190277778,1.210555556
12/11/2019,Wednesday,17:00,Evening,4298,4028,71.63333333,67.13333333,1.193888889,1.118888889
12/11/2019,Wednesday,17:20,Evening,4194,4152,69.9,69.2,1.165,1.153333333
12/11/2019,Wednesday,17:40,Evening,4313,4123,71.88333333,68.71666667,1.198055556,1.145277778
12/11/2019,Wednesday,18:00,Evening,4376,4126,72.93333333,68.76666667,1.215555556,1.146111111
12/11/2019,Wednesday,18:20,Evening,3721,3612,62.01666667,60.2,1.033611111,1.003333333
12/11/2019,Wednesday,18:40,Evening,3365,3112,56.08333333,51.86666667,0.9347222222,0.8644444444
12/11/2019,Wednesday,19:00,Evening,2801,2491,46.68333333,41.51666667,0.7780555556,0.6919444444
12/11/2019,Wednesday,19:20,Evening,2782,2203,46.36666667,36.71666667,0.7727777778,0.6119444444
12/11/2019,Wednesday,19:40,Evening,2716,2127,45.26666667,35.45,0.7544444444,0.5908333333
12/12/2019,Thursday,6:00,Morning,2424,2392,40.4,39.86666667,0.6733333333,0.6644444444
12/12/2019,Thursday,6:20,Morning,2647,2530,44.11666667,42.16666667,0.7352777778,0.7027777778
12/12/2019,Thursday,6:40,Morning,2782,2662,46.36666667,44.36666667,0.7727777778,0.7394444444
12/12/2019,Thursday,7:00,Morning,3166,2937,52.76666667,48.95,0.8794444444,0.8158333333
12/12/2019,Thursday,7:20,Morning,3371,3192,56.18333333,53.2,0.9363888889,0.8866666667
12/12/2019,Thursday,7:40,Morning,3801,3228,63.35,53.8,1.055833333,0.8966666667
12/12/2019,Thursday,8:00,Morning,3712,3287,61.86666667,54.78333333,1.031111111,0.9130555556
12/12/2019,Thursday,8:20,Morning,3675,3277,61.25,54.61666667,1.020833333,0.9102777778
12/12/2019,Thursday,8:40,Morning,3469,3290,57.81666667,54.83333333,0.9636111111,0.9138888889
12/12/2019,Thursday,9:00,Morning,3370,3258,56.16666667,54.3,0.9361111111,0.905
12/12/2019,Thursday,9:20,Morning,3156,2875,52.6,47.91666667,0.8766666667,0.7986111111
12/12/2019,Thursday,9:40,Morning,3080,3015,51.33333333,50.25,0.8555555556,0.8375
12/12/2019,Thursday,15:00,Evening,4458,4392,74.3,73.2,1.238333333,1.22
12/12/2019,Thursday,15:20,Evening,4814,5056,80.23333333,84.26666667,1.337222222,1.404444444
12/12/2019,Thursday,15:40,Evening,5027,5318,83.78333333,88.63333333,1.396388889,1.477222222
12/12/2019,Thursday,16:00,Evening,5555,5737,92.58333333,95.61666667,1.543055556,1.593611111
12/12/2019,Thursday,16:20,Evening,5666,5753,94.43333333,95.88333333,1.573888889,1.598055556
12/12/2019,Thursday,16:40,Evening,5576,5837,92.93333333,97.28333333,1.548888889,1.621388889
12/12/2019,Thursday,17:00,Evening,5386,5685,89.76666667,94.75,1.496111111,1.579166667
12/12/2019,Thursday,17:20,Evening,5367,5724,89.45,95.4,1.490833333,1.59
12/12/2019,Thursday,17:40,Evening,5273,5568,87.88333333,92.8,1.464722222,1.546666667
12/12/2019,Thursday,18:00,Evening,4797,5005,79.95,83.41666667,1.3325,1.390277778
12/12/2019,Thursday,18:20,Evening,4626,4816,77.1,80.26666667,1.285,1.337777778
12/12/2019,Thursday,18:40,Evening,4165,4891,69.41666667,81.51666667,1.156944444,1.358611111
12/12/2019,Thursday,19:00,Evening,3075,2447,51.25,40.78333333,0.8541666667,0.6797222222
12/12/2019,Thursday,19:20,Evening,2726,2176,45.43333333,36.26666667,0.7572222222,0.6044444444
12/12/2019,Thursday,19:40,Evening,2620,2104,43.66666667,35.06666667,0.7277777778,0.5844444444
12/16/2019,Monday,6:00,Morning,2786,2502,46.43333333,41.7,0.7738888889,0.695
12/16/2019,Monday,6:20,Morning,2931,2505,48.85,41.75,0.8141666667,0.6958333333
12/16/2019,Monday,6:40,Morning,3016,2670,50.26666667,44.5,0.8377777778,0.7416666667
12/16/2019,Monday,7:00,Morning,3169,2837,52.81666667,47.28333333,0.8802777778,0.7880555556
12/16/2019,Monday,7:20,Morning,3295,3070,54.91666667,51.16666667,0.9152777778,0.8527777778
12/16/2019,Monday,7:40,Morning,3489,3401,58.15,56.68333333,0.9691666667,0.9447222222
12/16/2019,Monday,8:00,Morning,3424,3552,57.06666667,59.2,0.9511111111,0.9866666667
12/16/2019,Monday,8:20,Morning,3351,3572,55.85,59.53333333,0.9308333333,0.9922222222
12/16/2019,Monday,8:40,Morning,3338,3440,55.63333333,57.33333333,0.9272222222,0.9555555556
12/16/2019,Monday,9:00,Morning,3231,3080,53.85,51.33333333,0.8975,0.8555555556
12/16/2019,Monday,9:20,Morning,3053,3009,50.88333333,50.15,0.8480555556,0.8358333333
12/16/2019,Monday,9:40,Morning,2941,2735,49.01666667,45.58333333,0.8169444444,0.7597222222
12/16/2019,Monday,15:00,Evening,3322,3848,55.36666667,64.13333333,0.9227777778,1.068888889
12/16/2019,Monday,15:20,Evening,3477,4136,57.95,68.93333333,0.9658333333,1.148888889
12/16/2019,Monday,15:40,Evening,3717,4051,61.95,67.51666667,1.0325,1.125277778
12/16/2019,Monday,16:00,Evening,3815,4076,63.58333333,67.93333333,1.059722222,1.132222222
12/16/2019,Monday,16:20,Evening,3828,4050,63.8,67.5,1.063333333,1.125
12/16/2019,Monday,16:40,Evening,3714,4035,61.9,67.25,1.031666667,1.120833333
12/16/2019,Monday,17:00,Evening,3695,3879,61.58333333,64.65,1.026388889,1.0775
12/16/2019,Monday,17:20,Evening,3874,4036,64.56666667,67.26666667,1.076111111,1.121111111
12/16/2019,Monday,17:40,Evening,3588,3479,59.8,57.98333333,0.9966666667,0.9663888889
12/16/2019,Monday,18:00,Evening,3283,3274,54.71666667,54.56666667,0.9119444444,0.9094444444
12/16/2019,Monday,18:20,Evening,3006,3264,50.1,54.4,0.835,0.9066666667
12/16/2019,Monday,18:40,Evening,3038,2791,50.63333333,46.51666667,0.8438888889,0.7752777778
12/16/2019,Monday,19:00,Evening,2858,2333,47.63333333,38.88333333,0.7938888889,0.6480555556
12/16/2019,Monday,19:20,Evening,2690,2116,44.83333333,35.26666667,0.7472222222,0.5877777778
12/16/2019,Monday,19:40,Evening,2723,2105,45.38333333,35.08333333,0.7563888889,0.5847222222
12/17/2019,Tuesday,6:00,Morning,2505,2345,41.75,39.08333333,0.6958333333,0.6513888889
12/17/2019,Tuesday,6:20,Morning,2653,2716,44.21666667,45.26666667,0.7369444444,0.7544444444
12/17/2019,Tuesday,6:40,Morning,2970,2712,49.5,45.2,0.825,0.7533333333
12/17/2019,Tuesday,7:00,Morning,3164,3034,52.73333333,50.56666667,0.8788888889,0.8427777778
12/17/2019,Tuesday,7:20,Morning,3533,3232,58.88333333,53.86666667,0.9813888889,0.8977777778
12/17/2019,Tuesday,7:40,Morning,3812,3320,63.53333333,55.33333333,1.058888889,0.9222222222
12/17/2019,Tuesday,8:00,Morning,3948,3235,65.8,53.91666667,1.096666667,0.8986111111
12/17/2019,Tuesday,8:20,Morning,3774,3261,62.9,54.35,1.048333333,0.9058333333
12/17/2019,Tuesday,8:40,Morning,3408,3152,56.8,52.53333333,0.9466666667,0.8755555556
12/17/2019,Tuesday,9:00,Morning,3211,2814,53.51666667,46.9,0.8919444444,0.7816666667
12/17/2019,Tuesday,9:20,Morning,3040,2838,50.66666667,47.3,0.8444444444,0.7883333333
12/17/2019,Tuesday,9:40,Morning,3116,2913,51.93333333,48.55,0.8655555556,0.8091666667
12/17/2019,Tuesday,15:00,Evening,3755,3670,62.58333333,61.16666667,1.043055556,1.019444444
12/17/2019,Tuesday,15:20,Evening,3998,3983,66.63333333,66.38333333,1.110555556,1.106388889
12/17/2019,Tuesday,15:40,Evening,4556,4468,75.93333333,74.46666667,1.265555556,1.241111111
12/17/2019,Tuesday,16:00,Evening,4601,4723,76.68333333,78.71666667,1.278055556,1.311944444
12/17/2019,Tuesday,16:20,Evening,5009,5191,83.48333333,86.51666667,1.391388889,1.441944444
12/17/2019,Tuesday,16:40,Evening,4897,4865,81.61666667,81.08333333,1.360277778,1.351388889
12/17/2019,Tuesday,17:00,Evening,5121,5173,85.35,86.21666667,1.4225,1.436944444
12/17/2019,Tuesday,17:20,Evening,5136,5157,85.6,85.95,1.426666667,1.4325
12/17/2019,Tuesday,17:40,Evening,4943,5022,82.38333333,83.7,1.373055556,1.395
12/17/2019,Tuesday,18:00,Evening,5034,4689,83.9,78.15,1.398333333,1.3025
12/17/2019,Tuesday,18:20,Evening,4523,4236,75.38333333,70.6,1.256388889,1.176666667
12/17/2019,Tuesday,18:40,Evening,3985,3585,66.41666667,59.75,1.106944444,0.9958333333
12/17/2019,Tuesday,19:00,Evening,3436,2979,57.26666667,49.65,0.9544444444,0.8275
12/17/2019,Tuesday,19:20,Evening,3023,2496,50.38333333,41.6,0.8397222222,0.6933333333
12/17/2019,Tuesday,19:40,Evening,2747,2273,45.78333333,37.88333333,0.7630555556,0.6313888889
12/18/2019,Wednesday,6:00,Morning,2426,2443,40.43333333,40.71666667,0.6738888889,0.6786111111
12/18/2019,Wednesday,6:20,Morning,2605,2752,43.41666667,45.86666667,0.7236111111,0.7644444444
12/18/2019,Wednesday,6:40,Morning,2916,2804,48.6,46.73333333,0.81,0.7788888889
12/18/2019,Wednesday,7:00,Morning,3212,2985,53.53333333,49.75,0.8922222222,0.8291666667
12/18/2019,Wednesday,7:20,Morning,3404,3089,56.73333333,51.48333333,0.9455555556,0.8580555556
12/18/2019,Wednesday,7:40,Morning,3701,3175,61.68333333,52.91666667,1.028055556,0.8819444444
12/18/2019,Wednesday,8:00,Morning,3822,3234,63.7,53.9,1.061666667,0.8983333333
12/18/2019,Wednesday,8:20,Morning,3596,3447,59.93333333,57.45,0.9988888889,0.9575
12/18/2019,Wednesday,8:40,Morning,3414,3396,56.9,56.6,0.9483333333,0.9433333333
12/18/2019,Wednesday,9:00,Morning,3228,3132,53.8,52.2,0.8966666667,0.87
12/18/2019,Wednesday,9:20,Morning,2930,2951,48.83333333,49.18333333,0.8138888889,0.8197222222
12/18/2019,Wednesday,9:40,Morning,3087,2940,51.45,49,0.8575,0.8166666667
12/18/2019,Wednesday,15:00,Evening,4223,4383,70.38333333,73.05,1.173055556,1.2175
12/18/2019,Wednesday,15:20,Evening,4756,4521,79.26666667,75.35,1.321111111,1.255833333
12/18/2019,Wednesday,15:40,Evening,5255,5234,87.58333333,87.23333333,1.459722222,1.453888889
12/18/2019,Wednesday,16:00,Evening,5354,5417,89.23333333,90.28333333,1.487222222,1.504722222
12/18/2019,Wednesday,16:20,Evening,5535,5356,92.25,89.26666667,1.5375,1.487777778
12/18/2019,Wednesday,16:40,Evening,5527,5345,92.11666667,89.08333333,1.535277778,1.484722222
12/18/2019,Wednesday,17:00,Evening,5628,5479,93.8,91.31666667,1.563333333,1.521944444
12/18/2019,Wednesday,17:20,Evening,5486,5355,91.43333333,89.25,1.523888889,1.4875
12/18/2019,Wednesday,17:40,Evening,5024,4937,83.73333333,82.28333333,1.395555556,1.371388889
12/18/2019,Wednesday,18:00,Evening,4504,4508,75.06666667,75.13333333,1.251111111,1.252222222
12/18/2019,Wednesday,18:20,Evening,4258,4078,70.96666667,67.96666667,1.182777778,1.132777778
12/18/2019,Wednesday,18:40,Evening,3972,3535,66.2,58.91666667,1.103333333,0.9819444444
12/18/2019,Wednesday,19:00,Evening,3775,3173,62.91666667,52.88333333,1.048611111,0.8813888889
12/18/2019,Wednesday,19:20,Evening,3390,2704,56.5,45.06666667,0.9416666667,0.7511111111
12/18/2019,Wednesday,19:40,Evening,3033,2425,50.55,40.41666667,0.8425,0.6736111111
12/19/2019,Thursday,6:00,Morning,2435,2342,40.58333333,39.03333333,0.6763888889,0.6505555556
12/19/2019,Thursday,6:20,Morning,2601,3118,43.35,51.96666667,0.7225,0.8661111111
12/19/2019,Thursday,6:40,Morning,2753,3270,45.88333333,54.5,0.7647222222,0.9083333333
12/19/2019,Thursday,7:00,Morning,3065,3734,51.08333333,62.23333333,0.8513888889,1.037222222
12/19/2019,Thursday,7:20,Morning,3558,3724,59.3,62.06666667,0.9883333333,1.034444444
12/19/2019,Thursday,7:40,Morning,3699,4162,61.65,69.36666667,1.0275,1.156111111
12/19/2019,Thursday,8:00,Morning,3528,4005,58.8,66.75,0.98,1.1125
12/19/2019,Thursday,8:20,Morning,3613,3737,60.21666667,62.28333333,1.003611111,1.038055556
12/19/2019,Thursday,8:40,Morning,3438,3671,57.3,61.18333333,0.955,1.019722222
12/19/2019,Thursday,9:00,Morning,3229,3219,53.81666667,53.65,0.8969444444,0.8941666667
12/19/2019,Thursday,9:20,Morning,3322,3265,55.36666667,54.41666667,0.9227777778,0.9069444444
12/19/2019,Thursday,9:40,Morning,3421,3298,57.01666667,54.96666667,0.9502777778,0.9161111111
12/19/2019,Thursday,15:00,Evening,4800,4811,80,80.18333333,1.333333333,1.336388889
12/19/2019,Thursday,15:20,Evening,5239,5462,87.31666667,91.03333333,1.455277778,1.517222222
12/19/2019,Thursday,15:40,Evening,5834,5829,97.23333333,97.15,1.620555556,1.619166667
12/19/2019,Thursday,16:00,Evening,5488,5342,91.46666667,89.03333333,1.524444444,1.483888889
12/19/2019,Thursday,16:20,Evening,5519,5192,91.98333333,86.53333333,1.533055556,1.442222222
12/19/2019,Thursday,16:40,Evening,5435,5122,90.58333333,85.36666667,1.509722222,1.422777778
12/19/2019,Thursday,17:00,Evening,5449,5315,90.81666667,88.58333333,1.513611111,1.476388889
12/19/2019,Thursday,17:20,Evening,5245,5197,87.41666667,86.61666667,1.456944444,1.443611111
12/19/2019,Thursday,17:40,Evening,4939,5049,82.31666667,84.15,1.371944444,1.4025
12/19/2019,Thursday,18:00,Evening,4878,4744,81.3,79.06666667,1.355,1.317777778
12/19/2019,Thursday,18:20,Evening,4451,4364,74.18333333,72.73333333,1.236388889,1.212222222
12/19/2019,Thursday,18:40,Evening,4421,4216,73.68333333,70.26666667,1.228055556,1.171111111
12/19/2019,Thursday,19:00,Evening,3836,3378,63.93333333,56.3,1.065555556,0.9383333333
12/19/2019,Thursday,19:20,Evening,3606,2999,60.1,49.98333333,1.001666667,0.8330555556
12/19/2019,Thursday,19:40,Evening,3482,2941,58.03333333,49.01666667,0.9672222222,0.8169444444
12/20/2019,Friday,6:00,Morning,2377,2073,39.61666667,34.55,0.6602777778,0.5758333333
12/20/2019,Friday,6:20,Morning,2455,2374,40.91666667,39.56666667,0.6819444444,0.6594444444
12/20/2019,Friday,6:40,Morning,2524,2433,42.06666667,40.55,0.7011111111,0.6758333333
12/20/2019,Friday,7:00,Morning,2618,2480,43.63333333,41.33333333,0.7272222222,0.6888888889
12/20/2019,Friday,7:20,Morning,2809,2656,46.81666667,44.26666667,0.7802777778,0.7377777778
12/20/2019,Friday,7:40,Morning,3033,2683,50.55,44.71666667,0.8425,0.7452777778
12/20/2019,Friday,8:00,Morning,2928,2659,48.8,44.31666667,0.8133333333,0.7386111111
12/20/2019,Friday,8:20,Morning,2816,2556,46.93333333,42.6,0.7822222222,0.71
12/20/2019,Friday,8:40,Morning,2705,2445,45.08333333,40.75,0.7513888889,0.6791666667
12/20/2019,Friday,9:00,Morning,2691,2233,44.85,37.21666667,0.7475,0.6202777778
12/20/2019,Friday,9:20,Morning,2921,2619,48.68333333,43.65,0.8113888889,0.7275
12/20/2019,Friday,9:40,Morning,2968,2704,49.46666667,45.06666667,0.8244444444,0.7511111111
12/20/2019,Friday,15:00,Evening,4722,4822,78.7,80.36666667,1.311666667,1.339444444
12/20/2019,Friday,15:20,Evening,4917,4926,81.95,82.1,1.365833333,1.368333333
12/20/2019,Friday,15:40,Evening,5266,4852,87.76666667,80.86666667,1.462777778,1.347777778
12/20/2019,Friday,16:00,Evening,5212,4799,86.86666667,79.98333333,1.447777778,1.333055556
12/20/2019,Friday,16:20,Evening,4960,4582,82.66666667,76.36666667,1.377777778,1.272777778
12/20/2019,Friday,16:40,Evening,4912,4777,81.86666667,79.61666667,1.364444444,1.326944444
12/20/2019,Friday,17:00,Evening,4871,4498,81.18333333,74.96666667,1.353055556,1.249444444
12/20/2019,Friday,17:20,Evening,4724,4403,78.73333333,73.38333333,1.312222222,1.223055556
12/20/2019,Friday,17:40,Evening,4509,4436,75.15,73.93333333,1.2525,1.232222222
12/20/2019,Friday,18:00,Evening,4254,4259,70.9,70.98333333,1.181666667,1.183055556
12/20/2019,Friday,18:20,Evening,3978,3838,66.3,63.96666667,1.105,1.066111111
12/20/2019,Friday,18:40,Evening,3853,3542,64.21666667,59.03333333,1.070277778,0.9838888889
12/23/2019,Monday,6:00,Morning,2343,2087,39.05,34.78333333,0.6508333333,0.5797222222
12/23/2019,Monday,6:20,Morning,2412,2244,40.2,37.4,0.67,0.6233333333
12/23/2019,Monday,6:40,Morning,2559,2180,42.65,36.33333333,0.7108333333,0.6055555556
12/23/2019,Monday,7:00,Morning,2710,2215,45.16666667,36.91666667,0.7527777778,0.6152777778
12/23/2019,Monday,7:20,Morning,2801,2177,46.68333333,36.28333333,0.7780555556,0.6047222222
12/23/2019,Monday,7:40,Morning,2866,2216,47.76666667,36.93333333,0.7961111111,0.6155555556
12/23/2019,Monday,8:00,Morning,2890,2155,48.16666667,35.91666667,0.8027777778,0.5986111111
12/23/2019,Monday,8:20,Morning,2755,2000,45.91666667,33.33333333,0.7652777778,0.5555555556
12/23/2019,Monday,8:40,Morning,2599,1826,43.31666667,30.43333333,0.7219444444,0.5072222222
12/23/2019,Monday,9:00,Morning,2557,1736,42.61666667,28.93333333,0.7102777778,0.4822222222
12/23/2019,Monday,9:20,Morning,2527,1872,42.11666667,31.2,0.7019444444,0.52
12/23/2019,Monday,9:40,Morning,2505,1911,41.75,31.85,0.6958333333,0.5308333333
12/23/2019,Monday,15:00,Evening,4474,4333,74.56666667,72.21666667,1.242777778,1.203611111
12/23/2019,Monday,15:20,Evening,4296,4234,71.6,70.56666667,1.193333333,1.176111111
12/23/2019,Monday,15:40,Evening,4129,4221,68.81666667,70.35,1.146944444,1.1725
12/23/2019,Monday,16:00,Evening,4375,4401,72.91666667,73.35,1.215277778,1.2225
12/23/2019,Monday,16:20,Evening,4263,4242,71.05,70.7,1.184166667,1.178333333
12/23/2019,Monday,16:40,Evening,4381,4184,73.01666667,69.73333333,1.216944444,1.162222222
12/23/2019,Monday,17:00,Evening,4045,3858,67.41666667,64.3,1.123611111,1.071666667
12/23/2019,Monday,17:20,Evening,3955,3707,65.91666667,61.78333333,1.098611111,1.029722222
12/23/2019,Monday,17:40,Evening,3856,3569,64.26666667,59.48333333,1.071111111,0.9913888889
12/23/2019,Monday,18:00,Evening,3596,3166,59.93333333,52.76666667,0.9988888889,0.8794444444
12/23/2019,Monday,18:20,Evening,3091,2678,51.51666667,44.63333333,0.8586111111,0.7438888889
12/23/2019,Monday,18:40,Evening,2875,2653,47.91666667,44.21666667,0.7986111111,0.7369444444
12/23/2019,Monday,19:00,Evening,2639,2603,43.98333333,43.38333333,0.7330555556,0.7230555556
12/23/2019,Monday,19:20,Evening,2693,2341,44.88333333,39.01666667,0.7480555556,0.6502777778
12/23/2019,Monday,19:40,Evening,2646,2141,44.1,35.68333333,0.735,0.5947222222
12/24/2019,Tuesday,6:00,Morning,2327,1907,38.78333333,31.78333333,0.6463888889,0.5297222222
12/24/2019,Tuesday,6:20,Morning,2456,1883,40.93333333,31.38333333,0.6822222222,0.5230555556
12/24/2019,Tuesday,6:40,Morning,2504,1870,41.73333333,31.16666667,0.6955555556,0.5194444444
12/24/2019,Tuesday,7:00,Morning,2837,1920,47.28333333,32,0.7880555556,0.5333333333
12/24/2019,Tuesday,7:20,Morning,2944,1882,49.06666667,31.36666667,0.8177777778,0.5227777778
12/24/2019,Tuesday,7:40,Morning,2787,1882,46.45,31.36666667,0.7741666667,0.5227777778
12/24/2019,Tuesday,8:00,Morning,2710,1906,45.16666667,31.76666667,0.7527777778,0.5294444444
12/24/2019,Tuesday,8:20,Morning,2684,1922,44.73333333,32.03333333,0.7455555556,0.5338888889
12/24/2019,Tuesday,8:40,Morning,2539,1794,42.31666667,29.9,0.7052777778,0.4983333333
12/24/2019,Tuesday,9:00,Morning,2477,1737,41.28333333,28.95,0.6880555556,0.4825
12/24/2019,Tuesday,9:20,Morning,2484,1730,41.4,28.83333333,0.69,0.4805555556
12/24/2019,Tuesday,9:40,Morning,2493,1711,41.55,28.51666667,0.6925,0.4752777778
12/24/2019,Tuesday,15:00,Evening,2967,2625,49.45,43.75,0.8241666667,0.7291666667
12/24/2019,Tuesday,15:20,Evening,2944,2711,49.06666667,45.18333333,0.8177777778,0.7530555556
12/24/2019,Tuesday,15:40,Evening,2906,2449,48.43333333,40.81666667,0.8072222222,0.6802777778
12/24/2019,Tuesday,16:00,Evening,2977,2383,49.61666667,39.71666667,0.8269444444,0.6619444444
12/24/2019,Tuesday,16:20,Evening,3043,2546,50.71666667,42.43333333,0.8452777778,0.7072222222
12/24/2019,Tuesday,16:40,Evening,2959,2326,49.31666667,38.76666667,0.8219444444,0.6461111111
12/24/2019,Tuesday,17:00,Evening,3068,2259,51.13333333,37.65,0.8522222222,0.6275
12/24/2019,Tuesday,17:20,Evening,2982,2299,49.7,38.31666667,0.8283333333,0.6386111111
12/24/2019,Tuesday,17:40,Evening,2832,2181,47.2,36.35,0.7866666667,0.6058333333
12/24/2019,Tuesday,18:00,Evening,2730,2082,45.5,34.7,0.7583333333,0.5783333333
12/24/2019,Tuesday,18:20,Evening,2722,2126,45.36666667,35.43333333,0.7561111111,0.5905555556
12/24/2019,Tuesday,18:40,Evening,2685,2069,44.75,34.48333333,0.7458333333,0.5747222222
12/24/2019,Tuesday,19:00,Evening,2623,1960,43.71666667,32.66666667,0.7286111111,0.5444444444
12/24/2019,Tuesday,19:20,Evening,2579,1949,42.98333333,32.48333333,0.7163888889,0.5413888889
12/24/2019,Tuesday,19:40,Evening,2577,1970,42.95,32.83333333,0.7158333333,0.5472222222
12/26/2019,Thursday,6:00,Morning,2377,1872,39.61666667,31.2,0.6602777778,0.52
12/26/2019,Thursday,6:20,Morning,2506,1938,41.76666667,32.3,0.6961111111,0.5383333333
12/26/2019,Thursday,6:40,Morning,2481,1875,41.35,31.25,0.6891666667,0.5208333333
12/26/2019,Thursday,7:00,Morning,2642,1903,44.03333333,31.71666667,0.7338888889,0.5286111111
12/26/2019,Thursday,7:20,Morning,2906,1944,48.43333333,32.4,0.8072222222,0.54
12/26/2019,Thursday,7:40,Morning,2822,1851,47.03333333,30.85,0.7838888889,0.5141666667
12/26/2019,Thursday,8:00,Morning,2784,1879,46.4,31.31666667,0.7733333333,0.5219444444
12/26/2019,Thursday,8:20,Morning,2620,1898,43.66666667,31.63333333,0.7277777778,0.5272222222
12/26/2019,Thursday,8:40,Morning,2486,1801,41.43333333,30.01666667,0.6905555556,0.5002777778
12/26/2019,Thursday,9:00,Morning,2454,1731,40.9,28.85,0.6816666667,0.4808333333
12/26/2019,Thursday,9:20,Morning,2474,1726,41.23333333,28.76666667,0.6872222222,0.4794444444
12/26/2019,Thursday,9:40,Morning,2497,1729,41.61666667,28.81666667,0.6936111111,0.4802777778
12/26/2019,Thursday,15:00,Evening,3027,2994,50.45,49.9,0.8408333333,0.8316666667
12/26/2019,Thursday,15:20,Evening,3056,3267,50.93333333,54.45,0.8488888889,0.9075
12/26/2019,Thursday,15:40,Evening,2966,2981,49.43333333,49.68333333,0.8238888889,0.8280555556
12/26/2019,Thursday,16:00,Evening,2982,2881,49.7,48.01666667,0.8283333333,0.8002777778
12/26/2019,Thursday,16:20,Evening,3109,2730,51.81666667,45.5,0.8636111111,0.7583333333
12/26/2019,Thursday,16:40,Evening,3027,2484,50.45,41.4,0.8408333333,0.69
12/26/2019,Thursday,17:00,Evening,3049,2689,50.81666667,44.81666667,0.8469444444,0.7469444444
12/26/2019,Thursday,17:20,Evening,3052,2772,50.86666667,46.2,0.8477777778,0.77
12/26/2019,Thursday,17:40,Evening,3167,2793,52.78333333,46.55,0.8797222222,0.7758333333
12/26/2019,Thursday,18:00,Evening,2801,2444,46.68333333,40.73333333,0.7780555556,0.6788888889
12/26/2019,Thursday,18:20,Evening,2675,2154,44.58333333,35.9,0.7430555556,0.5983333333
12/26/2019,Thursday,18:40,Evening,2681,2086,44.68333333,34.76666667,0.7447222222,0.5794444444
12/26/2019,Thursday,19:00,Evening,2683,2064,44.71666667,34.4,0.7452777778,0.5733333333
12/26/2019,Thursday,19:20,Evening,2586,1959,43.1,32.65,0.7183333333,0.5441666667
12/26/2019,Thursday,19:40,Evening,2608,1991,43.46666667,33.18333333,0.7244444444,0.5530555556
12/27/2019,Friday,6:00,Morning,2313,1894,38.55,31.56666667,0.6425,0.5261111111
12/27/2019,Friday,6:20,Morning,3071,2929,51.18333333,48.81666667,0.8530555556,0.8136111111
12/27/2019,Friday,6:40,Morning,2980,2510,49.66666667,41.83333333,0.8277777778,0.6972222222
12/27/2019,Friday,7:00,Morning,2957,2671,49.28333333,44.51666667,0.8213888889,0.7419444444
12/27/2019,Friday,7:20,Morning,3057,2643,50.95,44.05,0.8491666667,0.7341666667
12/27/2019,Friday,7:40,Morning,3040,2414,50.66666667,40.23333333,0.8444444444,0.6705555556
12/27/2019,Friday,8:00,Morning,2750,1860,45.83333333,31,0.7638888889,0.5166666667
12/27/2019,Friday,8:20,Morning,2552,1794,42.53333333,29.9,0.7088888889,0.4983333333
12/27/2019,Friday,8:40,Morning,2467,1745,41.11666667,29.08333333,0.6852777778,0.4847222222
12/27/2019,Friday,9:00,Morning,2452,1693,40.86666667,28.21666667,0.6811111111,0.4702777778
12/27/2019,Friday,9:20,Morning,2500,1729,41.66666667,28.81666667,0.6944444444,0.4802777778
12/27/2019,Friday,9:40,Morning,2487,1767,41.45,29.45,0.6908333333,0.4908333333
12/27/2019,Friday,15:00,Evening,3509,3527,58.48333333,58.78333333,0.9747222222,0.9797222222
12/27/2019,Friday,15:20,Evening,3278,3291,54.63333333,54.85,0.9105555556,0.9141666667
12/27/2019,Friday,15:40,Evening,3113,3080,51.88333333,51.33333333,0.8647222222,0.8555555556
12/27/2019,Friday,16:00,Evening,3189,3177,53.15,52.95,0.8858333333,0.8825
12/27/2019,Friday,16:20,Evening,3216,3061,53.6,51.01666667,0.8933333333,0.8502777778
12/27/2019,Friday,16:40,Evening,3103,2891,51.71666667,48.18333333,0.8619444444,0.8030555556
12/27/2019,Friday,17:00,Evening,3056,2794,50.93333333,46.56666667,0.8488888889,0.7761111111
12/27/2019,Friday,17:20,Evening,3028,2811,50.46666667,46.85,0.8411111111,0.7808333333
12/27/2019,Friday,17:40,Evening,3148,2779,52.46666667,46.31666667,0.8744444444,0.7719444444
12/27/2019,Friday,18:00,Evening,2956,2524,49.26666667,42.06666667,0.8211111111,0.7011111111
12/27/2019,Friday,18:20,Evening,2780,2405,46.33333333,40.08333333,0.7722222222,0.6680555556
12/27/2019,Friday,18:40,Evening,2693,2256,44.88333333,37.6,0.7480555556,0.6266666667
12/30/2019,Monday,6:00,Morning,2650,2737,44.16666667,45.61666667,0.7361111111,0.7602777778
12/30/2019,Monday,6:20,Morning,2668,2329,44.46666667,38.81666667,0.7411111111,0.6469444444
12/30/2019,Monday,6:40,Morning,2706,2343,45.1,39.05,0.7516666667,0.6508333333
12/30/2019,Monday,7:00,Morning,2763,2173,46.05,36.21666667,0.7675,0.6036111111
12/30/2019,Monday,7:20,Morning,2776,2129,46.26666667,35.48333333,0.7711111111,0.5913888889
12/30/2019,Monday,7:40,Morning,2882,2081,48.03333333,34.68333333,0.8005555556,0.5780555556
12/30/2019,Monday,8:00,Morning,2800,2031,46.66666667,33.85,0.7777777778,0.5641666667
12/30/2019,Monday,8:20,Morning,2791,2146,46.51666667,35.76666667,0.7752777778,0.5961111111
12/30/2019,Monday,8:40,Morning,2618,2014,43.63333333,33.56666667,0.7272222222,0.5594444444
12/30/2019,Monday,9:00,Morning,2628,1854,43.8,30.9,0.73,0.515
12/30/2019,Monday,9:20,Morning,2531,1803,42.18333333,30.05,0.7030555556,0.5008333333
12/30/2019,Monday,9:40,Morning,2520,1875,42,31.25,0.7,0.5208333333
12/30/2019,Monday,15:00,Evening,3629,3321,60.48333333,55.35,1.008055556,0.9225
12/30/2019,Monday,15:20,Evening,3489,3229,58.15,53.81666667,0.9691666667,0.8969444444
12/30/2019,Monday,15:40,Evening,3381,3173,56.35,52.88333333,0.9391666667,0.8813888889
12/30/2019,Monday,16:00,Evening,3219,3283,53.65,54.71666667,0.8941666667,0.9119444444
12/30/2019,Monday,16:20,Evening,3019,2950,50.31666667,49.16666667,0.8386111111,0.8194444444
12/30/2019,Monday,16:40,Evening,3005,3007,50.08333333,50.11666667,0.8347222222,0.8352777778
12/30/2019,Monday,17:00,Evening,3107,2923,51.78333333,48.71666667,0.8630555556,0.8119444444
12/30/2019,Monday,17:20,Evening,3132,2900,52.2,48.33333333,0.87,0.8055555556
12/30/2019,Monday,17:40,Evening,3023,2768,50.38333333,46.13333333,0.8397222222,0.7688888889
12/30/2019,Monday,18:00,Evening,2897,2605,48.28333333,43.41666667,0.8047222222,0.7236111111
12/30/2019,Monday,18:20,Evening,2745,2307,45.75,38.45,0.7625,0.6408333333
12/30/2019,Monday,18:40,Evening,2686,2146,44.76666667,35.76666667,0.7461111111,0.5961111111
12/30/2019,Monday,19:00,Evening,2631,2054,43.85,34.23333333,0.7308333333,0.5705555556
12/30/2019,Monday,19:20,Evening,2606,2025,43.43333333,33.75,0.7238888889,0.5625
12/30/2019,Monday,19:40,Evening,2610,2007,43.5,33.45,0.725,0.5575
1/2/2020,Thursday,6:00,Morning,2372,1940,39.53333333,32.33333333,0.6588888889,0.5388888889
1/2/2020,Thursday,6:20,Morning,2505,1982,41.75,33.03333333,0.6958333333,0.5505555556
1/2/2020,Thursday,6:40,Morning,2676,2006,44.6,33.43333333,0.7433333333,0.5572222222
1/2/2020,Thursday,7:00,Morning,2860,2132,47.66666667,35.53333333,0.7944444444,0.5922222222
1/2/2020,Thursday,7:20,Morning,3061,2606,51.01666667,43.43333333,0.8502777778,0.7238888889
1/2/2020,Thursday,7:40,Morning,3083,2821,51.38333333,47.01666667,0.8563888889,0.7836111111
1/2/2020,Thursday,8:00,Morning,3102,2609,51.7,43.48333333,0.8616666667,0.7247222222
1/2/2020,Thursday,8:20,Morning,2942,2400,49.03333333,40,0.8172222222,0.6666666667
1/2/2020,Thursday,8:40,Morning,2666,2048,44.43333333,34.13333333,0.7405555556,0.5688888889
1/2/2020,Thursday,9:00,Morning,2603,1811,43.38333333,30.18333333,0.7230555556,0.5030555556
1/2/2020,Thursday,9:20,Morning,2544,1732,42.4,28.86666667,0.7066666667,0.4811111111
1/2/2020,Thursday,9:40,Morning,2530,1765,42.16666667,29.41666667,0.7027777778,0.4902777778
1/2/2020,Thursday,15:00,Evening,3258,2660,54.3,44.33333333,0.905,0.7388888889
1/2/2020,Thursday,15:20,Evening,3204,2745,53.4,45.75,0.89,0.7625
1/2/2020,Thursday,15:40,Evening,3316,2928,55.26666667,48.8,0.9211111111,0.8133333333
1/2/2020,Thursday,16:00,Evening,3251,3181,54.18333333,53.01666667,0.9030555556,0.8836111111
1/2/2020,Thursday,16:20,Evening,3326,3172,55.43333333,52.86666667,0.9238888889,0.8811111111
1/2/2020,Thursday,16:40,Evening,3464,3068,57.73333333,51.13333333,0.9622222222,0.8522222222
1/2/2020,Thursday,17:00,Evening,3531,2951,58.85,49.18333333,0.9808333333,0.8197222222
1/2/2020,Thursday,17:20,Evening,3380,3105,56.33333333,51.75,0.9388888889,0.8625
1/2/2020,Thursday,17:40,Evening,3393,2989,56.55,49.81666667,0.9425,0.8302777778
1/2/2020,Thursday,18:00,Evening,3047,2515,50.78333333,41.91666667,0.8463888889,0.6986111111
1/2/2020,Thursday,18:20,Evening,2818,2259,46.96666667,37.65,0.7827777778,0.6275
1/2/2020,Thursday,18:40,Evening,2721,2051,45.35,34.18333333,0.7558333333,0.5697222222
1/2/2020,Thursday,19:00,Evening,2679,2013,44.65,33.55,0.7441666667,0.5591666667
1/2/2020,Thursday,19:20,Evening,2637,1935,43.95,32.25,0.7325,0.5375
1/2/2020,Thursday,19:40,Evening,2603,1970,43.38333333,32.83333333,0.7230555556,0.5472222222
1/3/2020,Friday,6:00,Morning,2447,2071,40.78333333,34.51666667,0.6797222222,0.5752777778
1/3/2020,Friday,6:20,Morning,2540,2339,42.33333333,38.98333333,0.7055555556,0.6497222222
1/3/2020,Friday,6:40,Morning,2571,2465,42.85,41.08333333,0.7141666667,0.6847222222
1/3/2020,Friday,7:00,Morning,2685,2456,44.75,40.93333333,0.7458333333,0.6822222222
1/3/2020,Friday,7:20,Morning,2844,2600,47.4,43.33333333,0.79,0.7222222222
1/3/2020,Friday,7:40,Morning,2915,2460,48.58333333,41,0.8097222222,0.6833333333
1/3/2020,Friday,8:00,Morning,2800,2381,46.66666667,39.68333333,0.7777777778,0.6613888889
1/3/2020,Friday,8:20,Morning,2673,2079,44.55,34.65,0.7425,0.5775
1/3/2020,Friday,8:40,Morning,2585,2025,43.08333333,33.75,0.7180555556,0.5625
1/3/2020,Friday,9:00,Morning,2609,2203,43.48333333,36.71666667,0.7247222222,0.6119444444
1/3/2020,Friday,9:20,Morning,2601,2101,43.35,35.01666667,0.7225,0.5836111111
1/3/2020,Friday,9:40,Morning,2558,1985,42.63333333,33.08333333,0.7105555556,0.5513888889
1/3/2020,Friday,15:00,Evening,3398,3216,56.63333333,53.6,0.9438888889,0.8933333333
1/3/2020,Friday,15:20,Evening,3231,3102,53.85,51.7,0.8975,0.8616666667
1/3/2020,Friday,15:40,Evening,3220,2941,53.66666667,49.01666667,0.8944444444,0.8169444444
1/3/2020,Friday,16:00,Evening,3332,2947,55.53333333,49.11666667,0.9255555556,0.8186111111
1/3/2020,Friday,16:20,Evening,3352,3192,55.86666667,53.2,0.9311111111,0.8866666667
1/3/2020,Friday,16:40,Evening,3385,3343,56.41666667,55.71666667,0.9402777778,0.9286111111
1/3/2020,Friday,17:00,Evening,3384,3133,56.4,52.21666667,0.94,0.8702777778
1/3/2020,Friday,17:20,Evening,3308,3275,55.13333333,54.58333333,0.9188888889,0.9097222222
1/3/2020,Friday,17:40,Evening,3273,3060,54.55,51,0.9091666667,0.85
1/3/2020,Friday,18:00,Evening,3009,3608,50.15,60.13333333,0.8358333333,1.002222222
1/3/2020,Friday,18:20,Evening,2951,2823,49.18333333,47.05,0.8197222222,0.7841666667
1/3/2020,Friday,18:40,Evening,2843,2507,47.38333333,41.78333333,0.7897222222,0.6963888889
1/6/2020,Monday,6:00,Morning,2394,2285,39.9,38.08333333,0.665,0.6347222222
1/6/2020,Monday,6:20,Morning,2532,2494,42.2,41.56666667,0.7033333333,0.6927777778
1/6/2020,Monday,6:40,Morning,2695,2668,44.91666667,44.46666667,0.7486111111,0.7411111111
1/6/2020,Monday,7:00,Morning,2986,2885,49.76666667,48.08333333,0.8294444444,0.8013888889
1/6/2020,Monday,7:20,Morning,3145,2906,52.41666667,48.43333333,0.8736111111,0.8072222222
1/6/2020,Monday,7:40,Morning,3289,2937,54.81666667,48.95,0.9136111111,0.8158333333
1/6/2020,Monday,8:00,Morning,3361,3016,56.01666667,50.26666667,0.9336111111,0.8377777778
1/6/2020,Monday,8:20,Morning,3314,3165,55.23333333,52.75,0.9205555556,0.8791666667
1/6/2020,Monday,8:40,Morning,3150,2963,52.5,49.38333333,0.875,0.8230555556
1/6/2020,Monday,9:00,Morning,3035,2783,50.58333333,46.38333333,0.8430555556,0.7730555556
1/6/2020,Monday,9:20,Morning,3050,2755,50.83333333,45.91666667,0.8472222222,0.7652777778
1/6/2020,Monday,9:40,Morning,3018,2820,50.3,47,0.8383333333,0.7833333333
1/6/2020,Monday,15:00,Evening,3857,3540,64.28333333,59,1.071388889,0.9833333333
1/6/2020,Monday,15:20,Evening,3864,3805,64.4,63.41666667,1.073333333,1.056944444
1/6/2020,Monday,15:40,Evening,4133,3994,68.88333333,66.56666667,1.148055556,1.109444444
1/6/2020,Monday,16:00,Evening,4221,4475,70.35,74.58333333,1.1725,1.243055556
1/6/2020,Monday,16:20,Evening,4325,4376,72.08333333,72.93333333,1.201388889,1.215555556
1/6/2020,Monday,16:40,Evening,4273,4481,71.21666667,74.68333333,1.186944444,1.244722222
1/6/2020,Monday,17:00,Evening,4087,4326,68.11666667,72.1,1.135277778,1.201666667
1/6/2020,Monday,17:20,Evening,4395,4703,73.25,78.38333333,1.220833333,1.306388889
1/6/2020,Monday,17:40,Evening,4387,4496,73.11666667,74.93333333,1.218611111,1.248888889
1/6/2020,Monday,18:00,Evening,4272,3854,71.2,64.23333333,1.186666667,1.070555556
1/6/2020,Monday,18:20,Evening,4075,3675,67.91666667,61.25,1.131944444,1.020833333
1/6/2020,Monday,18:40,Evening,3777,3182,62.95,53.03333333,1.049166667,0.8838888889
1/6/2020,Monday,19:00,Evening,3317,2685,55.28333333,44.75,0.9213888889,0.7458333333
1/6/2020,Monday,19:20,Evening,3018,2268,50.3,37.8,0.8383333333,0.63
1/6/2020,Monday,19:40,Evening,2679,2122,44.65,35.36666667,0.7441666667,0.5894444444
1/7/2020,Tuesday,6:00,Morning,2460,2320,41,38.66666667,0.6833333333,0.6444444444
1/7/2020,Tuesday,6:20,Morning,2539,2661,42.31666667,44.35,0.7052777778,0.7391666667
1/7/2020,Tuesday,6:40,Morning,2834,2760,47.23333333,46,0.7872222222,0.7666666667
1/7/2020,Tuesday,7:00,Morning,3220,2949,53.66666667,49.15,0.8944444444,0.8191666667
1/7/2020,Tuesday,7:20,Morning,3556,3081,59.26666667,51.35,0.9877777778,0.8558333333
1/7/2020,Tuesday,7:40,Morning,3600,3211,60,53.51666667,1,0.8919444444
1/7/2020,Tuesday,8:00,Morning,3704,3172,61.73333333,52.86666667,1.028888889,0.8811111111
1/7/2020,Tuesday,8:20,Morning,3535,3262,58.91666667,54.36666667,0.9819444444,0.9061111111
1/7/2020,Tuesday,8:40,Morning,3212,3380,53.53333333,56.33333333,0.8922222222,0.9388888889
1/7/2020,Tuesday,9:00,Morning,2844,2833,47.4,47.21666667,0.79,0.7869444444
1/7/2020,Tuesday,9:20,Morning,2849,2406,47.48333333,40.1,0.7913888889,0.6683333333
1/7/2020,Tuesday,9:40,Morning,2951,2596,49.18333333,43.26666667,0.8197222222,0.7211111111
1/7/2020,Tuesday,15:00,Evening,5632,6299,93.86666667,104.9833333,1.564444444,1.749722222
1/7/2020,Tuesday,15:20,Evening,6083,6675,101.3833333,111.25,1.689722222,1.854166667
1/7/2020,Tuesday,15:40,Evening,5703,6382,95.05,106.3666667,1.584166667,1.772777778
1/7/2020,Tuesday,16:00,Evening,5449,6227,90.81666667,103.7833333,1.513611111,1.729722222
1/7/2020,Tuesday,16:20,Evening,5157,6168,85.95,102.8,1.4325,1.713333333
1/7/2020,Tuesday,16:40,Evening,4791,5164,79.85,86.06666667,1.330833333,1.434444444
1/7/2020,Tuesday,17:00,Evening,4588,4488,76.46666667,74.8,1.274444444,1.246666667
1/7/2020,Tuesday,17:20,Evening,3889,3662,64.81666667,61.03333333,1.080277778,1.017222222
1/7/2020,Tuesday,17:40,Evening,3457,3186,57.61666667,53.1,0.9602777778,0.885
1/7/2020,Tuesday,18:00,Evening,2954,2650,49.23333333,44.16666667,0.8205555556,0.7361111111
1/7/2020,Tuesday,18:20,Evening,2835,2343,47.25,39.05,0.7875,0.6508333333
1/7/2020,Tuesday,18:40,Evening,2756,2357,45.93333333,39.28333333,0.7655555556,0.6547222222
1/7/2020,Tuesday,19:00,Evening,2681,2081,44.68333333,34.68333333,0.7447222222,0.5780555556
1/7/2020,Tuesday,19:20,Evening,2652,2046,44.2,34.1,0.7366666667,0.5683333333
1/7/2020,Tuesday,19:40,Evening,2720,2060,45.33333333,34.33333333,0.7555555556,0.5722222222
1/8/2020,Wednesday,6:00,Morning,2526,2160,42.1,36,0.7016666667,0.6
1/8/2020,Wednesday,6:20,Morning,2702,3013,45.03333333,50.21666667,0.7505555556,0.8369444444
1/8/2020,Wednesday,6:40,Morning,2847,2790,47.45,46.5,0.7908333333,0.775
1/8/2020,Wednesday,7:00,Morning,3096,3004,51.6,50.06666667,0.86,0.8344444444
1/8/2020,Wednesday,7:20,Morning,3209,3051,53.48333333,50.85,0.8913888889,0.8475
1/8/2020,Wednesday,7:40,Morning,3436,3186,57.26666667,53.1,0.9544444444,0.885
1/8/2020,Wednesday,8:00,Morning,3455,3187,57.58333333,53.11666667,0.9597222222,0.8852777778
1/8/2020,Wednesday,8:20,Morning,3203,3168,53.38333333,52.8,0.8897222222,0.88
1/8/2020,Wednesday,8:40,Morning,2958,2680,49.3,44.66666667,0.8216666667,0.7444444444
1/8/2020,Wednesday,9:00,Morning,2874,2501,47.9,41.68333333,0.7983333333,0.6947222222
1/8/2020,Wednesday,9:20,Morning,2799,2413,46.65,40.21666667,0.7775,0.6702777778
1/8/2020,Wednesday,9:40,Morning,2972,2692,49.53333333,44.86666667,0.8255555556,0.7477777778
1/8/2020,Wednesday,15:00,Evening,3455,3135,57.58333333,52.25,0.9597222222,0.8708333333
1/8/2020,Wednesday,15:20,Evening,3406,3427,56.76666667,57.11666667,0.9461111111,0.9519444444
1/8/2020,Wednesday,15:40,Evening,3542,3473,59.03333333,57.88333333,0.9838888889,0.9647222222
1/8/2020,Wednesday,16:00,Evening,3638,3777,60.63333333,62.95,1.010555556,1.049166667
1/8/2020,Wednesday,16:20,Evening,3704,3774,61.73333333,62.9,1.028888889,1.048333333
1/8/2020,Wednesday,16:40,Evening,3707,3758,61.78333333,62.63333333,1.029722222,1.043888889
1/8/2020,Wednesday,17:00,Evening,3981,3851,66.35,64.18333333,1.105833333,1.069722222
1/8/2020,Wednesday,17:20,Evening,3965,3796,66.08333333,63.26666667,1.101388889,1.054444444
1/8/2020,Wednesday,17:40,Evening,3865,3864,64.41666667,64.4,1.073611111,1.073333333
1/8/2020,Wednesday,18:00,Evening,3426,3974,57.1,66.23333333,0.9516666667,1.103888889
1/8/2020,Wednesday,18:20,Evening,3260,3422,54.33333333,57.03333333,0.9055555556,0.9505555556
1/8/2020,Wednesday,18:40,Evening,3072,2978,51.2,49.63333333,0.8533333333,0.8272222222
1/8/2020,Wednesday,19:00,Evening,2820,2425,47,40.41666667,0.7833333333,0.6736111111
1/8/2020,Wednesday,19:20,Evening,2692,2082,44.86666667,34.7,0.7477777778,0.5783333333
1/8/2020,Wednesday,19:40,Evening,2672,2016,44.53333333,33.6,0.7422222222,0.56
1/9/2020,Thursday,6:00,Morning,2451,2237,40.85,37.28333333,0.6808333333,0.6213888889
1/9/2020,Thursday,6:20,Morning,2627,2567,43.78333333,42.78333333,0.7297222222,0.7130555556
1/9/2020,Thursday,6:40,Morning,2795,2761,46.58333333,46.01666667,0.7763888889,0.7669444444
1/9/2020,Thursday,7:00,Morning,3169,2935,52.81666667,48.91666667,0.8802777778,0.8152777778
1/9/2020,Thursday,7:20,Morning,3394,3235,56.56666667,53.91666667,0.9427777778,0.8986111111
1/9/2020,Thursday,7:40,Morning,3703,3175,61.71666667,52.91666667,1.028611111,0.8819444444
1/9/2020,Thursday,8:00,Morning,3890,3268,64.83333333,54.46666667,1.080555556,0.9077777778
1/9/2020,Thursday,8:20,Morning,3645,3257,60.75,54.28333333,1.0125,0.9047222222
1/9/2020,Thursday,8:40,Morning,3443,3365,57.38333333,56.08333333,0.9563888889,0.9347222222
1/9/2020,Thursday,9:00,Morning,3319,3204,55.31666667,53.4,0.9219444444,0.89
1/9/2020,Thursday,9:20,Morning,3222,3186,53.7,53.1,0.895,0.885
1/9/2020,Thursday,9:40,Morning,3263,2902,54.38333333,48.36666667,0.9063888889,0.8061111111
1/9/2020,Thursday,15:00,Evening,4796,4228,79.93333333,70.46666667,1.332222222,1.174444444
1/9/2020,Thursday,15:20,Evening,5004,4643,83.4,77.38333333,1.39,1.289722222
1/9/2020,Thursday,15:40,Evening,5593,5230,93.21666667,87.16666667,1.553611111,1.452777778
1/9/2020,Thursday,16:00,Evening,5092,4779,84.86666667,79.65,1.414444444,1.3275
1/9/2020,Thursday,16:20,Evening,5435,5103,90.58333333,85.05,1.509722222,1.4175
1/9/2020,Thursday,16:40,Evening,5384,5094,89.73333333,84.9,1.495555556,1.415
1/9/2020,Thursday,17:00,Evening,5067,5076,84.45,84.6,1.4075,1.41
1/9/2020,Thursday,17:20,Evening,5032,4927,83.86666667,82.11666667,1.397777778,1.368611111
1/9/2020,Thursday,17:40,Evening,4722,4757,78.7,79.28333333,1.311666667,1.321388889
1/9/2020,Thursday,18:00,Evening,4542,4358,75.7,72.63333333,1.261666667,1.210555556
1/9/2020,Thursday,18:20,Evening,4438,4039,73.96666667,67.31666667,1.232777778,1.121944444
1/9/2020,Thursday,18:40,Evening,4100,3853,68.33333333,64.21666667,1.138888889,1.070277778
1/9/2020,Thursday,19:00,Evening,3561,3192,59.35,53.2,0.9891666667,0.8866666667
1/9/2020,Thursday,19:20,Evening,3265,2634,54.41666667,43.9,0.9069444444,0.7316666667
1/9/2020,Thursday,19:40,Evening,2955,2418,49.25,40.3,0.8208333333,0.6716666667
1/10/2020,Friday,6:00,Morning,2358,1948,39.3,32.46666667,0.655,0.5411111111
1/10/2020,Friday,6:20,Morning,2457,2461,40.95,41.01666667,0.6825,0.6836111111
1/10/2020,Friday,6:40,Morning,2575,2486,42.91666667,41.43333333,0.7152777778,0.6905555556
1/10/2020,Friday,7:00,Morning,2675,2615,44.58333333,43.58333333,0.7430555556,0.7263888889
1/10/2020,Friday,7:20,Morning,2894,2893,48.23333333,48.21666667,0.8038888889,0.8036111111
1/10/2020,Friday,7:40,Morning,3014,2943,50.23333333,49.05,0.8372222222,0.8175
1/10/2020,Friday,8:00,Morning,3082,3038,51.36666667,50.63333333,0.8561111111,0.8438888889
1/10/2020,Friday,8:20,Morning,2886,2683,48.1,44.71666667,0.8016666667,0.7452777778
1/10/2020,Friday,8:40,Morning,2780,2390,46.33333333,39.83333333,0.7722222222,0.6638888889
1/10/2020,Friday,9:00,Morning,2649,2172,44.15,36.2,0.7358333333,0.6033333333
1/10/2020,Friday,9:20,Morning,2639,2012,43.98333333,33.53333333,0.7330555556,0.5588888889
1/10/2020,Friday,9:40,Morning,2575,2035,42.91666667,33.91666667,0.7152777778,0.5652777778
1/10/2020,Friday,15:00,Evening,3408,3288,56.8,54.8,0.9466666667,0.9133333333
1/10/2020,Friday,15:20,Evening,3471,3476,57.85,57.93333333,0.9641666667,0.9655555556
1/10/2020,Friday,15:40,Evening,3699,3632,61.65,60.53333333,1.0275,1.008888889
1/10/2020,Friday,16:00,Evening,3666,3780,61.1,63,1.018333333,1.05
1/10/2020,Friday,16:20,Evening,3775,3979,62.91666667,66.31666667,1.048611111,1.105277778
1/10/2020,Friday,16:40,Evening,4112,4031,68.53333333,67.18333333,1.142222222,1.119722222
1/10/2020,Friday,17:00,Evening,4180,4062,69.66666667,67.7,1.161111111,1.128333333
1/10/2020,Friday,17:20,Evening,4064,3996,67.73333333,66.6,1.128888889,1.11
1/10/2020,Friday,17:40,Evening,4017,4019,66.95,66.98333333,1.115833333,1.116388889
1/10/2020,Friday,18:00,Evening,3784,4048,63.06666667,67.46666667,1.051111111,1.124444444
1/10/2020,Friday,18:20,Evening,3473,3877,57.88333333,64.61666667,0.9647222222,1.076944444
1/10/2020,Friday,18:40,Evening,3332,3736,55.53333333,62.26666667,0.9255555556,1.037777778